0.0, 0.0
0.001, 0.0
0.002, 0.0
0.003, 0.0
0.004, 0.0
0.005, 0.0
0.006, 0.0
0.007, 0.0
0.008, 0.0
0.009000000000000001, 0.0
0.01, 0.0
0.011, 0.0
0.012, 0.0
0.013000000000000001, 0.0
0.014, 0.0
0.015, 0.0
0.015625, 0.0
0.016, 0.0
0.017, 0.0
0.018000000000000002, 0.0
0.019, 0.0
0.02, 0.0
0.021, 0.0
0.022, 0.0
0.023, 0.0
0.024, 0.0
0.025, 0.0
0.026000000000000002, 0.0
0.027, 0.0
0.028, 0.0
0.029, 0.0
0.03, 0.0
0.031, 0.0
0.03125, 0.0
0.032, 0.0
0.033, 0.0
0.034, 0.0
0.035, 0.0
0.036000000000000004, 0.0
0.037, 0.0
0.038, 0.0
0.039, 0.0
0.04, 0.0
0.041, 0.0
0.042, 0.0
0.043000000000000003, 0.0
0.044, 0.0
0.045, 0.0
0.046, 0.0
0.046875, 0.0
0.047, 0.0
0.048, 0.0
0.049, 0.0
0.05, 0.0
0.051000000000000004, 0.0
0.052000000000000005, 0.0
0.053, 0.0
0.054, 0.0
0.055, 0.0
0.056, 0.0
0.057, 0.0
0.058, 0.0
0.059000000000000004, 0.0
0.06, 0.0
0.061, 0.0
0.062, 0.0
0.0625, 0.0
0.063, 0.0
0.064, 0.0
0.065, 0.0
0.066, 0.0
0.067, 0.0
0.068, 0.0
0.069, 0.0
0.07, 0.0
0.07100000000000001, 0.0
0.07200000000000001, 0.0
0.073, 0.0
0.074, 0.0
0.075, 0.0
0.076, 0.0
0.077, 0.0
0.078, 0.0
0.078125, 0.0
0.079, 0.0
0.08, 0.0
0.081, 0.0
0.082, 0.0
0.083, 0.0
0.084, 0.0
0.085, 0.0
0.08600000000000001, 0.0
0.08700000000000001, 0.0
0.088, 0.0
0.089, 0.0
0.09, 0.0
0.091, 0.0
0.092, 0.0
0.093, 0.0
0.09375, 0.0
0.094, 0.0
0.095, 0.0
0.096, 0.0
0.097, 0.0
0.098, 0.0
0.099, 0.0
0.1, 0.0
0.101, 0.0
0.10200000000000001, 0.0
0.10300000000000001, 0.0
0.10400000000000001, 0.0
0.105, 0.0
0.106, 0.0
0.107, 0.0
0.108, 0.0
0.109, 0.0
0.109375, 0.0
0.11, 0.0
0.111, 0.0
0.112, 0.0
0.113, 0.0
0.114, 0.0
0.115, 0.0
0.116, 0.0
0.117, 0.0
0.11800000000000001, 0.0
0.11900000000000001, 0.0
0.12, 0.0
0.121, 0.0
0.122, 0.0
0.123, 0.0
0.124, 0.0
0.125, 0.0
0.126, 0.0
0.127, 0.0
0.128, 0.0
0.129, 0.0
0.13, 0.0
0.131, 0.0
0.132, 0.0
0.133, 0.0
0.134, 0.0
0.135, 0.0
0.136, 0.0
0.137, 0.0
0.138, 0.0
0.139, 0.0
0.14, 0.0
0.140625, 0.0
0.14100000000000001, 0.0
0.14200000000000002, 0.0
0.14300000000000002, 0.0
0.14400000000000002, 0.0
0.145, 0.0
0.146, 0.0
0.147, 0.0
0.148, 0.0
0.149, 0.0
0.15, 0.0
0.151, 0.0
0.152, 0.0
0.153, 0.0
0.154, 0.0
0.155, 0.0
0.156, 0.0
0.15625, 0.0
0.157, 0.0
0.158, 0.0
0.159, 0.0
0.16, 0.0
0.161, 0.0
0.162, 0.0
0.163, 0.0
0.164, 0.0
0.165, 0.0
0.166, 0.0
0.167, 0.0
0.168, 0.0
0.169, 0.0
0.17, 0.0
0.171, 0.0
0.171875, 0.0
0.17200000000000001, 0.0
0.17300000000000001, 0.0
0.17400000000000002, 0.0
0.17500000000000002, 0.0
0.176, 0.0
0.177, 0.0
0.178, 0.0
0.179, 0.0
0.18, 0.0
0.181, 0.0
0.182, 0.0
0.183, 0.0
0.184, 0.0
0.185, 0.0
0.186, 0.0
0.187, 0.0
0.1875, 0.0
0.188, 0.0
0.189, 0.0
0.19, 0.0
0.191, 0.0
0.192, 0.0
0.193, 0.0
0.194, 0.0
0.195, 0.0
0.196, 0.0
0.197, 0.0
0.198, 0.0
0.199, 0.0
0.2, 0.0
0.201, 0.0
0.202, 0.0
0.203, 0.0
0.203125, 0.0
0.20400000000000001, 0.0
0.20500000000000002, 7.808860997009969e-05
0.20600000000000002, 0.00038663986045462594
0.20700000000000002, 0.0009583666464883758
0.20800000000000002, 0.0017551679006783153
0.209, 0.0025630499699168825
0.21, 0.0033430504871533547
0.211, 0.004095867587537107
0.212, 0.004828455113998502
0.213, 0.00554664227031383
0.214, 0.0062551601892607825
0.215, 0.0069577810347903335
0.216, 0.007653171559953989
0.217, 0.008344146036304019
0.218, 0.009032926853277484
0.21875, 0.00972121987402995
0.219, 0.00972121987402995
0.22, 0.010410330751587838
0.221, 0.011101276388607952
0.222, 0.011794920111909779
0.223, 0.012491921474798854
0.224, 0.013192781907715837
0.225, 0.013897882478746288
0.226, 0.014607578211061043
0.227, 0.015322218131690116
0.228, 0.016042078144870495
0.229, 0.01676737101488252
0.23, 0.017498260806385696
0.231, 0.018234909945383203
0.232, 0.018977445956272834
0.233, 0.01972596411496711
0.234, 0.020480528951699908
0.234375, 0.02124118150877483
0.23500000000000001, 0.02124118150877483
0.23600000000000002, 0.022008192712759955
0.23700000000000002, 0.022781676496350375
0.23800000000000002, 0.023561721116070942
0.23900000000000002, 0.024348394654095596
0.24, 0.025141749260284573
0.241, 0.025941597154005583
0.242, 0.02674796914894669
0.243, 0.027560913934326477
0.244, 0.028380466558676383
0.245, 0.029206648173785377
0.246, 0.030039345430352752
0.247, 0.030878585490483824
0.248, 0.03172441349854563
0.249, 0.03257686357058132
0.25, 0.033435956145678035
0.251, 0.03430179397459143
0.252, 0.03517431596122415
0.253, 0.03605345012681112
0.254, 0.03693910799277901
0.255, 0.037831186106905834
0.256, 0.03873003738600588
0.257, 0.03963557638994547
0.258, 0.04054764933097704
0.259, 0.041466114248416674
0.26, 0.042390870296887456
0.261, 0.0433218871656706
0.262, 0.04425915475949489
0.263, 0.04520272571926358
0.264, 0.04615272012770217
0.265, 0.04710932663121927
0.265625, 0.048072803207783725
0.266, 0.048072803207783725
0.267, 0.04904341794811416
0.268, 0.05002148548240501
0.269, 0.05100735907453483
0.27, 0.052001417762746714
0.271, 0.05300405300324157
0.272, 0.05401552400605869
0.273, 0.05503577202472971
0.274, 0.05606349013361338
0.275, 0.05709715124569207
0.276, 0.05813575178265557
0.277, 0.05917895363812635
0.278, 0.06022655237713676
0.279, 0.06127836622707097
0.28, 0.062334220804161185
0.281, 0.06339424998794435
0.28125, 0.0644583647220178
0.28200000000000003, 0.0644583647220178
0.28300000000000003, 0.06552646132140504
0.28400000000000003, 0.06659843748250373
0.28500000000000003, 0.06767419280995994
0.28600000000000003, 0.06875277161592794
0.28700000000000003, 0.06983413289834046
0.28800000000000003, 0.07091831447866477
0.289, 0.07200536047754336
0.29, 0.07309531434462359
0.291, 0.07418821684979486
0.292, 0.07528414423970738
0.293, 0.07638317240664255
0.294, 0.077485371733518
0.295, 0.07859080600623801
0.296, 0.0796998431378524
0.296875, 0.08081256943649699
0.297, 0.08081256943649699
0.298, 0.08192904191929035
0.299, 0.08304930642665347
0.3, 0.08417339883889471
0.301, 0.08530140952584407
0.302, 0.08643332666362924
0.303, 0.08756912512228975
0.304, 0.08870877013194588
0.305, 0.08985221740334273
0.306, 0.09099924685351893
0.307, 0.09214988846930994
0.308, 0.09330418712592448
0.309, 0.09446217981702065
0.31, 0.09562389372215618
0.311, 0.09678940913511672
0.312, 0.09795877230977905
0.3125, 0.09913201869678537
0.313, 0.09913201869678537
0.314, 0.10030917249523366
0.315, 0.10149024664038805
0.316, 0.10267498866334153
0.317, 0.10386340659646819
0.318, 0.10505552418676875
0.319, 0.10625135751496993
0.32, 0.1074509130573361
0.321, 0.1086543398008828
0.322, 0.1098616629871257
0.323, 0.11107288954926033
0.324, 0.11228801510638521
0.325, 0.11350702454073563
0.326, 0.11472961496499243
0.327, 0.1159557841772191
0.328, 0.11718554922087436
0.328125, 0.11841892073974525
0.329, 0.11841892073974525
0.33, 0.1196559009973607
0.331, 0.12089659578210692
0.332, 0.12214102534755167
0.333, 0.12338919618649768
0.334, 0.1246411045838135
0.335, 0.1258967370447034
0.336, 0.1271556984823992
0.337, 0.12841799617702856
0.338, 0.12968366175707216
0.339, 0.13095272101583016
0.34, 0.13222519172943575
0.341, 0.1335011185346532
0.342, 0.13478053752673602
0.343, 0.1360634763567566
0.34375, 0.13734995265640618
0.34400000000000003, 0.13734995265640618
0.34500000000000003, 0.13863997403587933
0.34600000000000003, 0.13993310221315935
0.34700000000000003, 0.14122937034242722
0.34800000000000003, 0.14252883678013692
0.34900000000000003, 0.1438315530533924
0.35000000000000003, 0.14513756173792491
0.35100000000000003, 0.14644681890766512
0.352, 0.1477593818404827
0.353, 0.14907530516447468
0.354, 0.1503946326707551
0.355, 0.15171739693027952
0.356, 0.15304317003411722
0.357, 0.1543720103133236
0.358, 0.1557039989587641
0.359, 0.15703920862520146
0.359375, 0.15837770161036122
0.36, 0.15837770161036122
0.361, 0.15971931972062756
0.362, 0.16106413529778252
0.363, 0.16241222451554804
0.364, 0.16376365174110455
0.365, 0.16511846869475416
0.366, 0.16647644518998578
0.367, 0.16783765314250765
0.368, 0.16920217383862507
0.369, 0.17057007790207124
0.37, 0.17194142417507552
0.371, 0.17331630487744887
0.372, 0.17469479535327462
0.373, 0.17607695955074712
0.374, 0.17746284816343058
0.375, 0.17885249891183666
0.376, 0.1802460349761273
0.377, 0.18164349855117662
0.378, 0.18304491762897634
0.379, 0.18445030782349198
0.38, 0.1858596728557274
0.381, 0.18727284765352273
0.382, 0.1886898608548737
0.383, 0.1901107435032513
0.384, 0.19153551492233115
0.385, 0.19296418221486913
0.386, 0.1943959981915508
0.387, 0.1958309891471483
0.388, 0.19726921793009258
0.389, 0.19871073875508943
0.39, 0.20015559488786377
0.390625, 0.20160168448058927
0.391, 0.20160168448058927
0.392, 0.2030491044946189
0.393, 0.20449806049327665
0.394, 0.20594875233736928
0.395, 0.20740136827441355
0.396, 0.2088559651829362
0.397, 0.2103127258096419
0.398, 0.2117718270809681
0.399, 0.21323343314024218
0.4, 0.21469769525285765
0.401, 0.2161645678839169
0.402, 0.21763418845910557
0.403, 0.21910669324489032
0.404, 0.22058220686274876
0.405, 0.2220608421156594
0.406, 0.22354131481031878
0.40625, 0.22502375667895816
0.40700000000000003, 0.22502375667895816
0.40800000000000003, 0.2265083653330717
0.40900000000000003, 0.22799533070152764
0.41000000000000003, 0.22948483127369013
0.41100000000000003, 0.2309766414035852
0.41200000000000003, 0.23247092512986325
0.41300000000000003, 0.23396785454013552
0.41400000000000003, 0.23546758940797902
0.41500000000000004, 0.23697027638290222
0.41600000000000004, 0.23847580334724292
0.417, 0.23998431231502518
0.418, 0.24149594760925663
0.419, 0.2430108417020522
0.42, 0.24452911472277694
0.421, 0.24605030884499576
0.421875, 0.2475745394359946
0.422, 0.2475745394359946
0.423, 0.24910194139580402
0.424, 0.2506326383566783
0.425, 0.2521667415033859
0.426, 0.2537026985082245
0.427, 0.2552406242540213
0.428, 0.25678070994699365
0.429, 0.25832313920514055
0.43, 0.25986808406048073
0.431, 0.2614149409704529
0.432, 0.2629638797297993
0.433, 0.2645150978064252
0.434, 0.26606878197372374
0.435, 0.26762510661587013
0.436, 0.269183386144307
0.437, 0.27074379411877825
0.4375, 0.2723065359798268
0.438, 0.2723065359798268
0.439, 0.2738718063058485
0.44, 0.2754397869953892
0.441, 0.27701049312488396
0.442, 0.278584106134842
0.443, 0.2801608029832706
0.444, 0.281740747533153
0.445, 0.2833240905884534
0.446, 0.2849104002938029
0.447, 0.28649981057799345
0.448, 0.2880924728257034
0.449, 0.28968852729740757
0.45, 0.29128810222536783
0.451, 0.29289038845451065
0.452, 0.29449551717143374
0.453, 0.29610365626978463
0.453125, 0.2977149633612616
0.454, 0.2977149633612616
0.455, 0.2993295837800862
0.456, 0.30094753374698124
0.457, 0.30256897272724265
0.458, 0.30419405449180914
0.459, 0.30582291957012997
0.46, 0.3074556954051803
0.461, 0.30909204966119647
0.462, 0.31073211288870994
0.463, 0.3123760267633217
0.464, 0.31402392149202407
0.465, 0.3156759152788253
0.466, 0.31733124769968674
0.467, 0.31899002924082415
0.468, 0.3206523990924769
0.46875, 0.32231848467482593
0.46900000000000003, 0.32231848467482593
0.47000000000000003, 0.3239884003503049
0.47100000000000003, 0.32566016876787074
0.47200000000000003, 0.3273339480969538
0.47300000000000003, 0.32900997829866757
0.47400000000000003, 0.33068848986276017
0.47500000000000003, 0.33236970008606415
0.47600000000000003, 0.3340534904055678
0.47700000000000004, 0.33574008449000287
0.47800000000000004, 0.3374297063455058
0.47900000000000004, 0.339122565549875
0.48, 0.3408188571209923
0.481, 0.3425178513985189
0.482, 0.34421972985327487
0.483, 0.3459247006822542
0.484, 0.34763295900428587
0.484375, 0.34934468570735056
0.485, 0.34934468570735056
0.486, 0.3510584191581168
0.487, 0.35277435807861135
0.488, 0.354492761630852
0.489, 0.3562138768540438
0.49, 0.3579379359465089
0.491, 0.3596644844244866
0.492, 0.36139375486668895
0.493, 0.3631259965617791
0.494, 0.3648614445688563
0.495, 0.36660031879327404
0.496, 0.3683420068106817
0.497, 0.3700867062773625
0.498, 0.37183463963029456
0.499, 0.3735860157994665
0.5, 0.37534102896053806
0.501, 0.3770987946190243
0.502, 0.3788594802684315
0.503, 0.3806232931894706
0.504, 0.38239042905362086
0.505, 0.3841610699175421
0.506, 0.385933359113608
0.507, 0.38770743584188777
0.508, 0.3894835274307348
0.509, 0.39126185290430515
0.51, 0.3930426187975842
0.511, 0.39482567659861845
0.512, 0.39661122943831284
0.513, 0.3983994856628015
0.514, 0.4001906415656964
0.515, 0.40198488110895825
0.515625, 0.403781515021395
0.516, 0.403781515021395
0.517, 0.40558070685052655
0.518, 0.4073826536709986
0.519, 0.40918754287629083
0.52, 0.41099555046452874
0.521, 0.4128060191119856
0.522, 0.4146191196877484
0.523, 0.4164350566142928
0.524, 0.41825402508411563
0.525, 0.42007620924110545
0.526, 0.4219013901883615
0.527, 0.42372975122760975
0.528, 0.4255614855949441
0.529, 0.4273967759563686
0.53, 0.4292357938251747
0.531, 0.43107762903163876
0.53125, 0.4329224411557897
0.532, 0.4329224411557897
0.533, 0.4347704364313989
0.534, 0.4366218131840634
0.535, 0.4384767594160153
0.536, 0.4403331745363166
0.537, 0.44219117439722455
0.538, 0.444050977977818
0.539, 0.44591279997665684
0.54, 0.4477768456588205
0.541, 0.44964287659731056
0.542, 0.45151109617737495
0.543, 0.45338171949363837
0.544, 0.45525495182774944
0.545, 0.4571309878239488
0.546, 0.45900925838335427
0.546875, 0.46088995190088494
0.547, 0.46088995190088494
0.548, 0.4627732873821929
0.549, 0.4646594748260573
0.55, 0.46654871341475157
0.551, 0.46844020917379864
0.552, 0.47033411750769444
0.553, 0.47223063717737834
0.554, 0.47412995822575715
0.555, 0.47603225947953165
0.556, 0.47793648684397727
0.557, 0.47984277835685263
0.558, 0.4817513331812463
0.559, 0.4836623438629139
0.56, 0.48557599276460967
0.561, 0.4874904697767846
0.562, 0.48940584674587023
0.5625, 0.49132229991672766
0.5630000000000001, 0.49132229991672766
0.5640000000000001, 0.49324000249380306
0.5650000000000001, 0.4951591187191941
0.5660000000000001, 0.4970794480596823
0.5670000000000001, 0.4990011485927671
0.5680000000000001, 0.5009243915112216
0.5690000000000001, 0.5028493396288327
0.5700000000000001, 0.5047761463780331
0.5710000000000001, 0.5067045501205886
0.5720000000000001, 0.5086346927840548
0.5730000000000001, 0.5105667364581998
0.5740000000000001, 0.512500835828173
0.5750000000000001, 0.514437136640287
0.5760000000000001, 0.516374764757288
0.577, 0.518313804476205
0.578, 0.5202544075286404
0.578125, 0.5221967238740352
0.579, 0.5221967238740352
0.58, 0.5241408969161865
0.581, 0.5260867855076719
0.582, 0.5280345262211333
0.583, 0.5299842715246056
0.584, 0.5319361680952593
0.585, 0.5338903553479848
0.586, 0.5358462310750963
0.587, 0.537803867995466
0.588, 0.5397633960447693
0.589, 0.5417249427480981
0.59, 0.5436886280687997
0.591, 0.5456534328838853
0.592, 0.5476193710120991
0.593, 0.5495865556090873
0.59375, 0.5515551023682549
0.594, 0.5515551023682549
0.595, 0.5535251207541776
0.596, 0.5554964367940958
0.597, 0.5574691490845154
0.598, 0.5594433788971225
0.599, 0.5614192429619489
0.6, 0.5633968508671406
0.601, 0.5653758848876157
0.602, 0.5673564063713278
0.603, 0.5693385196750501
0.604, 0.5713223281098135
0.605, 0.5733079286020414
0.606, 0.5752936842835781
0.607, 0.5772794657732334
0.608, 0.5792653402336324
0.609, 0.5812513933864883
0.609375, 0.5832377102379191
0.61, 0.5832377102379191
0.611, 0.5852247152096633
0.612, 0.5872125697628854
0.613, 0.5892013948958875
0.614, 0.591191299294973
0.615, 0.5931823833974401
0.616, 0.5951743725837844
0.617, 0.5971673035231033
0.618, 0.599161265149759
0.619, 0.6011563491255945
0.62, 0.6031526413452394
0.621, 0.605149411124433
0.622, 0.607146543211048
0.623, 0.6091440723802668
0.624, 0.6111420579853589
0.625, 0.6131405590224125
0.626, 0.6151388953584956
0.627, 0.6171369424364758
0.628, 0.619134718144533
0.629, 0.6211322652862267
0.63, 0.6231296257352974
0.631, 0.62512691020672
0.632, 0.6271241672784663
0.633, 0.6291214119035564
0.634, 0.6311186249780427
0.635, 0.6331157484887705
0.636, 0.635112446971567
0.637, 0.6371084551776924
0.638, 0.639103609585763
0.639, 0.6410977950230644
0.64, 0.6430908981102806
0.640625, 0.6450827804203846
0.641, 0.6450827804203846
0.642, 0.647073278667482
0.643, 0.6490622100707312
0.644, 0.6510493812313192
0.645, 0.6530345951437647
0.646, 0.6550176563146527
0.647, 0.6569983708971695
0.648, 0.6589765496875356
0.649, 0.6609520588708971
0.65, 0.6629249020499626
0.651, 0.6648950828225786
0.652, 0.6668626047817363
0.653, 0.668827471515578
0.654, 0.6707896866074037
0.655, 0.6727492536356776
0.656, 0.6747061761740348
0.65625, 0.6766604577912877
0.657, 0.6766604577912877
0.658, 0.6786121020514323
0.659, 0.6805611125136549
0.66, 0.6825074927323388
0.661, 0.6844512462570703
0.662, 0.6863923766326457
0.663, 0.6883308873990773
0.664, 0.6902667820916001
0.665, 0.6922000642406781
0.666, 0.6941307373720111
0.667, 0.6960588050065407
0.668, 0.6979842706604569
0.669, 0.6999071378452044
0.67, 0.7018274100674895
0.671, 0.7037450908292856
0.671875, 0.7056601836278404
0.672, 0.7056601836278404
0.673, 0.707572691955682
0.674, 0.709482619300625
0.675, 0.7113899691457771
0.676, 0.7132947449695458
0.677, 0.7151969502456441
0.678, 0.7170965884430972
0.679, 0.7189936630262488
0.68, 0.7208881774547672
0.681, 0.722780135183652
0.682, 0.7246695396632401
0.683, 0.726556394339212
0.684, 0.7284407026525983
0.685, 0.7303224680397856
0.686, 0.7322016939325233
0.687, 0.7340783837579293
0.6875, 0.7359525409384968
0.6880000000000001, 0.7359525409384968
0.6890000000000001, 0.7378241688920999
0.6900000000000001, 0.7396932710320004
0.6910000000000001, 0.7415598507668539
0.6920000000000001, 0.7434239115007157
0.6930000000000001, 0.7452854566330473
0.6940000000000001, 0.7471444895587226
0.6950000000000001, 0.749001013668034
0.6960000000000001, 0.7508550323466985
0.6970000000000001, 0.7527065489758641
0.6980000000000001, 0.7545555669321159
0.6990000000000001, 0.756402089587482
0.7000000000000001, 0.75824612030944
0.7010000000000001, 0.7600876624609232
0.7020000000000001, 0.761926719400326
0.7030000000000001, 0.7637632944815109
0.703125, 0.7655973910538144
0.704, 0.7655973910538144
0.705, 0.7674290124620528
0.706, 0.7692581620465283
0.707, 0.7710848431430356
0.708, 0.7729090590828674
0.709, 0.774730813192821
0.71, 0.7765501087952037
0.711, 0.7783669492078397
0.712, 0.7801813377440753
0.713, 0.7819932777127856
0.714, 0.7838027724183803
0.715, 0.7856098251608095
0.716, 0.7874144392355701
0.717, 0.7892166179337116
0.718, 0.7910163645418421
0.71875, 0.7928136823421343
0.719, 0.7928136823421343
0.72, 0.7946085746123317
0.721, 0.7964010446257542
0.722, 0.7981910956513044
0.723, 0.7999787309534733
0.724, 0.8017639537923463
0.725, 0.8035467674236095
0.726, 0.8053271750985553
0.727, 0.8071051800640882
0.728, 0.808880785562731
0.729, 0.8106539948326307
0.73, 0.8124248111075643
0.731, 0.8141932376169446
0.732, 0.8159592775858265
0.733, 0.8177229342349124
0.734, 0.8194842107805581
0.734375, 0.8212431104347793
0.735, 0.8212431104347793
0.736, 0.8229996364052565
0.737, 0.8247537918953418
0.738, 0.8265055801040639
0.739, 0.8282550042261346
0.74, 0.8300020674519542
0.741, 0.8317467729676173
0.742, 0.8334891239549194
0.743, 0.8352291235913614
0.744, 0.8369667750501563
0.745, 0.8387020815002348
0.746, 0.8404350461062513
0.747, 0.8421656720285889
0.748, 0.843893962423366
0.749, 0.8456199204424416
0.75, 0.8473435492334214
0.751, 0.849064851939663
0.752, 0.850783831700282
0.753, 0.8525004916501581
0.754, 0.8542148349199398
0.755, 0.855926864636051
0.756, 0.8576365839206966
0.757, 0.8593439958918676
0.758, 0.8610491036633474
0.759, 0.8627519103447173
0.76, 0.8644524190413619
0.761, 0.8661506328544754
0.762, 0.8678465548810663
0.763, 0.8695401882139643
0.764, 0.8712315359418246
0.765, 0.8729206011491344
0.765625, 0.8746073869162184
0.766, 0.8746073869162184
0.767, 0.8762918963192443
0.768, 0.8779741324302284
0.769, 0.879654098317041
0.77, 0.8813317970434126
0.771, 0.8830072316689389
0.772, 0.8846804052490866
0.773, 0.8863513208351991
0.774, 0.8880199814745017
0.775, 0.8896863902101075
0.776, 0.8913505500810229
0.777, 0.893012464122153
0.778, 0.8946721353643071
0.779, 0.8963295668342047
0.78, 0.8979847615544803
0.781, 0.8996377225436893
0.78125, 0.9012884528163138
0.782, 0.9012884528163138
0.783, 0.9029369553827673
0.784, 0.9045832332494012
0.785, 0.9062272894185092
0.786, 0.9078691268883335
0.787, 0.9095087486530705
0.788, 0.9111461577028753
0.789, 0.912781357023868
0.79, 0.9144143495981386
0.791, 0.916045138403753
0.792, 0.917673726414758
0.793, 0.9193001166011867
0.794, 0.9209243119290642
0.795, 0.9225463153604129
0.796, 0.9241661298532576
0.796875, 0.9257837583616316
0.797, 0.9257837583616316
0.798, 0.9273992038355814
0.799, 0.9290124692211723
0.8, 0.9306235574604939
0.801, 0.9322324714916651
0.802, 0.9338392142488402
0.803, 0.9354437886622134
0.804, 0.9370461976580248
0.805, 0.9386464441585651
0.806, 0.9402445310821816
0.807, 0.9418404613432831
0.808, 0.9434342378523454
0.809, 0.9450258635159163
0.81, 0.9466153412366215
0.811, 0.9482026739131691
0.812, 0.9497878644403557
0.8125, 0.951370915709071
0.8130000000000001, 0.951370915709071
0.8140000000000001, 0.9529518306063035
0.8150000000000001, 0.9545306120151458
0.8160000000000001, 0.9561072628147993
0.8170000000000001, 0.9576817858805802
0.8180000000000001, 0.959254184083924
0.8190000000000001, 0.9608244602923917
0.8200000000000001, 0.9623926173696737
0.8210000000000001, 0.9639586581755965
0.8220000000000001, 0.9655225855661266
0.8230000000000001, 0.9670844023933767
0.8240000000000001, 0.9686441115056101
0.8250000000000001, 0.9702017157472469
0.8260000000000001, 0.9717572179588679
0.8270000000000001, 0.9733106209772209
0.8280000000000001, 0.9748619276352252
0.828125, 0.9764111407619771
0.8290000000000001, 0.9764111407619771
0.8300000000000001, 0.977958263182755
0.8310000000000001, 0.9795032977190244
0.8320000000000001, 0.9810462471884434
0.833, 0.982587114404867
0.834, 0.9841259021783536
0.835, 0.9856626133151688
0.836, 0.9871972506177913
0.837, 0.9887298168849177
0.838, 0.9902603149114676
0.839, 0.991788747488589
0.84, 0.993315117403663
0.841, 0.9948394274403091
0.842, 0.9963616803783901
0.843, 0.9978818789940177
0.84375, 0.9994000260595567
0.844, 0.9994000260595567
0.845, 1.0009161243436306
0.846, 1.002430176611127
0.847, 1.0039421856232016
0.848, 1.0054521541372843
0.849, 1.0069600849070834
0.85, 1.0084659806825913
0.851, 1.009969844210089
0.852, 1.0114716782321516
0.853, 1.0129714854876526
0.854, 1.0144692687117696
0.855, 1.015965030635989
0.856, 1.0174587739881111
0.857, 1.0189505014922546
0.858, 1.0204402158688621
0.859, 1.0219279198347049
0.859375, 1.023413616102888
0.86, 1.023413616102888
0.861, 1.024897307382855
0.862, 1.0263789963803926
0.863, 1.0278586857976368
0.864, 1.0293363783330765
0.865, 1.0308120766815587
0.866, 1.032285783534294
0.867, 1.033757501578861
0.868, 1.0352272334992112
0.869, 1.0366949819756743
0.87, 1.0381607496849627
0.871, 1.0396245393001766
0.872, 1.0410863534908086
0.873, 1.0425461949227486
0.874, 1.0440040662582892
0.875, 1.0454599701561302
0.876, 1.046913909271383
0.877, 1.048365886255576
0.878, 1.0498159037566595
0.879, 1.05126396441901
0.88, 1.0527100708834356
0.881, 1.0541542257871805
0.882, 1.05559643176393
0.883, 1.0570366914438145
0.884, 1.058475007453416
0.885, 1.0599113824157709
0.886, 1.0613458189503764
0.887, 1.0627783196731944
0.888, 1.0642088871966562
0.889, 1.065637524129668
0.89, 1.067064233077615
0.890625, 1.0684890166423664
0.891, 1.0684890166423664
0.892, 1.06991187742228
0.893, 1.0713328180122073
0.894, 1.0727518410034977
0.895, 1.0741689489840036
0.896, 1.0755841445380852
0.897, 1.0769974302466145
0.898, 1.0784088086869814
0.899, 1.0798182824330966
0.9, 1.081225854055398
0.901, 1.0826315261208541
0.902, 1.0840353011929695
0.903, 1.0854371818317894
0.904, 1.0868371705939035
0.905, 1.088235270032452
0.906, 1.0896314826971294
0.90625, 1.091025811134189
0.907, 1.091025811134189
0.908, 1.0924182578864485
0.909, 1.0938088254932934
0.91, 1.0951975164906822
0.911, 1.0965843334111516
0.912, 1.09796927878382
0.913, 1.0993523551343931
0.914, 1.1007335649851677
0.915, 1.1021129108550372
0.916, 1.1034903952594952
0.917, 1.1048660207106409
0.918, 1.1062397897171832
0.919, 1.1076117047844454
0.92, 1.1089817684143697
0.921, 1.1103499831055221
0.921875, 1.111716351353097
0.922, 1.111716351353097
0.923, 1.1130808756489206
0.924, 1.114443558481457
0.925, 1.1158044023358118
0.926, 1.117163409693737
0.927, 1.1185205830336353
0.928, 1.1198759248305648
0.929, 1.1212294375562433
0.93, 1.1225811236790533
0.931, 1.1239309856640456
0.932, 1.1252790259729448
0.933, 1.1266252470641533
0.934, 1.1279696513927555
0.935, 1.129312241410523
0.936, 1.1306530195659183
0.937, 1.1319919883040999
0.9375, 1.1333291500669262
0.9380000000000001, 1.1333291500669262
0.9390000000000001, 1.1346645072929606
0.9400000000000001, 1.1359980624174755
0.9410000000000001, 1.1373298178724565
0.9420000000000001, 1.1386597760866075
0.9430000000000001, 1.139987939485355
0.9440000000000001, 1.1413143104908516
0.9450000000000001, 1.142638891521982
0.9460000000000001, 1.143961684994366
0.9470000000000001, 1.1452826933203633
0.9480000000000001, 1.1466019189090786
0.9490000000000001, 1.1479193641663652
0.9500000000000001, 1.1492350314948294
0.9510000000000001, 1.1505489232938355
0.9520000000000001, 1.1518610419595097
0.9530000000000001, 1.1531713898847444
0.953125, 1.1544799694592027
0.9540000000000001, 1.1544799694592027
0.9550000000000001, 1.1557867830693231
0.9560000000000001, 1.1570918330983233
0.9570000000000001, 1.1583951219262048
0.9580000000000001, 1.159696651929757
0.9590000000000001, 1.1609964254825622
0.96, 1.1622944449549992
0.961, 1.1635907127142482
0.962, 1.1648852311242943
0.963, 1.1661780025459327
0.964, 1.1674690293367729
0.965, 1.168758313851242
0.966, 1.1700458584405904
0.967, 1.1713316654528951
0.968, 1.1726157372330646
0.96875, 1.1738980761228424
0.969, 1.1738980761228424
0.97, 1.175178684460812
0.971, 1.1764575645824014
0.972, 1.177734718819886
0.973, 1.1790101495023941
0.974, 1.180283858955911
0.975, 1.1815558495032827
0.976, 1.1828261234642208
0.977, 1.184094683155306
0.978, 1.1853615308899932
0.979, 1.1866266689786145
0.98, 1.1878900997283848
0.981, 1.189151825443405
0.982, 1.1904118484246669
0.983, 1.1916701709700566
0.984, 1.1929267953743594
0.984375, 1.1941817239292636
0.985, 1.1941817239292636
0.986, 1.195434958923365
0.987, 1.1966865026421707
0.988, 1.1979363573681034
0.989, 1.199184525380506
0.99, 1.200431008955645
0.991, 1.201675810366715
0.992, 1.2029189318838427
0.993, 1.2041603757740917
0.994, 1.205400144301466
0.995, 1.206638239726914
0.996, 1.207874664308333
0.997, 1.2091094203005732
0.998, 1.2103425099554421
0.999, 1.211573935521708
1.0, 1.2128036992451043
1.0010000000000001, 1.2140318033683342
1.002, 1.2152582501310738
1.0030000000000001, 1.216483041769977
1.004, 1.2177061805186793
1.0050000000000001, 1.2189276686078017
1.006, 1.2201475082649549
1.0070000000000001, 1.2213657017147437
1.008, 1.2225822511787703
1.0090000000000001, 1.223797158875639
1.01, 1.2250104270209599
1.0110000000000001, 1.2262220578273533
1.012, 1.2274320535044532
1.0130000000000001, 1.228640416258912
1.014, 1.2298471482944038
1.0150000000000001, 1.2310522518116291
1.015625, 1.2322557290083185
1.016, 1.2322557290083185
1.0170000000000001, 1.2334575820792364
1.018, 1.2346578132161854
1.0190000000000001, 1.2358564246080104
1.02, 1.237053418440602
1.0210000000000001, 1.2382487968969011
1.022, 1.2394425621569032
1.0230000000000001, 1.240634716397661
1.024, 1.2418252617932894
1.025, 1.2430142005149698
1.026, 1.244201534730953
1.027, 1.2453872666065635
1.028, 1.2465713983042044
1.029, 1.24775393198336
1.03, 1.2489348698006002
1.031, 1.250114213909585
1.03125, 1.251291966461068
1.032, 1.251291966461068
1.033, 1.2524681296028997
1.034, 1.2536427054800325
1.035, 1.2548156962345243
1.036, 1.2559871040055417
1.037, 1.2571569309293646
1.038, 1.2583251791393903
1.039, 1.2594918507661366
1.04, 1.2606569479372463
1.041, 1.2618204727774907
1.042, 1.262982427408774
1.043, 1.2641428139501365
1.044, 1.265301634517759
1.045, 1.2664588912249664
1.046, 1.2676145861822314
1.046875, 1.268768721497179
1.047, 1.268768721497179
1.048, 1.2699212992745896
1.049, 1.2710723216164033
1.05, 1.272221790621723
1.051, 1.2733697083868198
1.052, 1.2745160770051351
1.053, 1.2756608985672853
1.054, 1.2768041751610655
1.055, 1.2779459088714533
1.056, 1.2790861017806125
1.057, 1.280224755967897
1.058, 1.2813618735098544
1.059, 1.2824974564802303
1.06, 1.2836315069499715
1.061, 1.2847640269872298
1.062, 1.2858950186573663
1.0625, 1.2870244840229548
1.063, 1.2870244840229548
1.064, 1.2881524251437853
1.065, 1.2892788440768683
1.066, 1.2904037428764386
1.067, 1.291527123593958
1.068, 1.2926489882781207
1.069, 1.2937693389748552
1.07, 1.2948881777273298
1.071, 1.2960055065759548
1.072, 1.2971213275583873
1.073, 1.2982356427095345
1.074, 1.2993484540615572
1.075, 1.3004597636438742
1.076, 1.301569573483165
1.077, 1.3026778856033745
1.078, 1.303784702025716
1.078125, 1.3048900247686752
1.079, 1.3048900247686752
1.08, 1.3059938558480135
1.081, 1.3070961972767725
1.082, 1.3081970510652767
1.083, 1.3092964192211378
1.084, 1.3103943037492582
1.085, 1.3114907066518346
1.086, 1.3125856299283618
1.087, 1.3136790755756358
1.088, 1.3147710455877584
1.089, 1.31586154195614
1.09, 1.3169505666695034
1.091, 1.318038121713888
1.092, 1.3191242090726525
1.093, 1.3202088307264794
1.09375, 1.321291988653378
1.094, 1.321291988653378
1.095, 1.3223736848286884
1.096, 1.3234539212250849
1.097, 1.3245326998125793
1.098, 1.325610022558525
1.099, 1.3266858914276207
1.1, 1.3277603083819134
1.101, 1.328833275380802
1.102, 1.3299047943810418
1.103, 1.3309748673367467
1.104, 1.332043496199394
1.105, 1.3331106829178274
1.106, 1.33417642943826
1.107, 1.3352407377042792
1.108, 1.3363036096568488
1.109, 1.3373650472343137
1.109375, 1.3384250523724028
1.11, 1.3384250523724028
1.111, 1.3394836270042327
1.112, 1.3405407730603112
1.113, 1.3415964924685406
1.114, 1.342650787154222
1.115, 1.3437036590400575
1.116, 1.3447551100461552
1.117, 1.3458051420900314
1.118, 1.346853757086615
1.119, 1.3479009569482503
1.12, 1.3489467435847013
1.121, 1.3499911189031544
1.122, 1.3510340848082223
1.123, 1.3520756432019472
1.124, 1.3531157959838047
1.125, 1.354154545050707
1.1260000000000001, 1.3551918922970063
1.127, 1.356227839614498
1.1280000000000001, 1.3572623888924251
1.129, 1.3582955420174805
1.1300000000000001, 1.359327300873811
1.131, 1.3603576673430209
1.1320000000000001, 1.3613866433041752
1.133, 1.3624142306338032
1.1340000000000001, 1.3634404312059012
1.135, 1.364465246891937
1.1360000000000001, 1.3654886795608525
1.137, 1.3665107310790678
1.1380000000000001, 1.367531403310484
1.139, 1.3685506981164866
1.1400000000000001, 1.3695686173559494
1.140625, 1.3705851628852375
1.141, 1.3705851628852375
1.1420000000000001, 1.3716003365582108
1.143, 1.3726141402262273
1.1440000000000001, 1.3736265757381465
1.145, 1.374637644940333
1.1460000000000001, 1.3756473496766597
1.147, 1.3766556917885109
1.1480000000000001, 1.377662673114786
1.149, 1.378668295491903
1.1500000000000001, 1.3796725607538012
1.151, 1.380675470731945
1.1520000000000001, 1.3816770272553276
1.153, 1.3826772321504734
1.154, 1.3836760872414424
1.155, 1.3846735943498325
1.156, 1.3856697552947834
1.15625, 1.38666457189298
1.157, 1.38666457189298
1.158, 1.3876580459586554
1.159, 1.3886501793035944
1.16, 1.3896409737371367
1.161, 1.3906304310661803
1.162, 1.3916185530951848
1.163, 1.3926053416261743
1.164, 1.3935907984587415
1.165, 1.3945749253900501
1.166, 1.3955577242148387
1.167, 1.396539196725424
1.168, 1.3975193447117034
1.169, 1.3984981699611592
1.17, 1.3994756742588612
1.171, 1.4004518593874706
1.171875, 1.4014267271272425
1.172, 1.4014267271272425
1.173, 1.4024002792560295
1.174, 1.403372517549285
1.175, 1.4043434437800666
1.176, 1.4053130597190386
1.177, 1.4062813671344765
1.178, 1.4072483677922685
1.179, 1.4082140634559206
1.18, 1.4091784558865583
1.181, 1.4101415468429306
1.182, 1.411103338081413
1.183, 1.412063831356011
1.184, 1.4130230284183625
1.185, 1.4139809310177418
1.186, 1.4149375409010625
1.187, 1.4158928598128808
1.1875, 1.4168468894953985
1.188, 1.4168468894953985
1.189, 1.417799631688466
1.19, 1.418751088129586
1.191, 1.4197012605539163
1.192, 1.4206501506942733
1.193, 1.4215977602811345
1.194, 1.4225440910426423
1.195, 1.423489144704607
1.196, 1.4244329229905095
1.197, 1.4253754276215054
1.198, 1.426316660316427
1.199, 1.4272566227917873
1.2, 1.4281953167617827
1.201, 1.4291327439382964
1.202, 1.430068906030901
1.203, 1.4310038047468627
1.203125, 1.4319374417911428
1.204, 1.4319374417911428
1.205, 1.4328698188664022
1.206, 1.433800937673004
1.207, 1.4347307999090169
1.208, 1.4356594072702171
1.209, 1.4365867614500933
1.21, 1.4375128641398482
1.211, 1.4384377170284024
1.212, 1.439361321802397
1.213, 1.4402836801461973
1.214, 1.4412047937418953
1.215, 1.4421246642693129
1.216, 1.4430432934060053
1.217, 1.4439606828272638
1.218, 1.4448768342061182
1.21875, 1.4457917492133412
1.219, 1.4457917492133412
1.22, 1.4467054295174506
1.221, 1.4476178767847123
1.222, 1.4485290926791439
1.223, 1.4494390788625167
1.224, 1.4503478369943599
1.225, 1.4512553687319631
1.226, 1.4521616757303795
1.227, 1.453066759642428
1.228, 1.4539706221186979
1.229, 1.4548732648075504
1.23, 1.4557746893551224
1.231, 1.4566748974053294
1.232, 1.457573890599868
1.233, 1.4584716705782197
1.234, 1.4593682389776532
1.234375, 1.4602635974332279
1.235, 1.4602635974332279
1.236, 1.4611577475777964
1.237, 1.4620506910420077
1.238, 1.4629424294543105
1.239, 1.4638329644409558
1.24, 1.4647222976259995
1.241, 1.4656104306313065
1.242, 1.4664973650765523
1.243, 1.4673831025792268
1.244, 1.4682676447546372
1.245, 1.4691509932159108
1.246, 1.4700331495739978
1.247, 1.4709141154376744
1.248, 1.4717938924135459
1.249, 1.472672482106049
1.25, 1.4735498861174559
1.2510000000000001, 1.4744261060478756
1.252, 1.4753011434952583
1.2530000000000001, 1.4761750000553975
1.254, 1.4770476773219332
1.2550000000000001, 1.4779191768863549
1.256, 1.478789500338004
1.2570000000000001, 1.4796586492640775
1.258, 1.4805266252496299
1.2590000000000001, 1.4813934298775768
1.26, 1.4822590647286982
1.2610000000000001, 1.4831235313816398
1.262, 1.4839868314129174
1.2630000000000001, 1.4848489663969195
1.264, 1.4857099379059093
1.2650000000000001, 1.4865697475100288
1.265625, 1.4874283967773005
1.266, 1.4874283967773005
1.2670000000000001, 1.4882858872736313
1.268, 1.4891422205628146
1.2690000000000001, 1.4899973982065333
1.27, 1.4908514217643631
1.2710000000000001, 1.4917042927937747
1.272, 1.4925560128501372
1.2730000000000001, 1.4934065834867205
1.274, 1.4942560062546986
1.2750000000000001, 1.4951042827031515
1.276, 1.4959514143790695
1.2770000000000001, 1.4967974028273547
1.278, 1.4976422495908244
1.2790000000000001, 1.4984859562102137
1.28, 1.499328524224179
1.281, 1.5001699551692993
1.28125, 1.5010102505800809
1.282, 1.5010102505800809
1.283, 1.5018494119889585
1.284, 1.5026874409262991
1.285, 1.5035243389204045
1.286, 1.504360107497514
1.287, 1.5051947481818067
1.288, 1.5060282624954053
1.289, 1.5068606519583783
1.29, 1.5076919180887427
1.291, 1.508522062402467
1.292, 1.5093510864134736
1.293, 1.510178991633642
1.294, 1.5110057795728118
1.295, 1.5118314517387843
1.296, 1.5126560096373263
1.296875, 1.5134794547721726
1.297, 1.5134794547721726
1.298, 1.5143017886450285
1.299, 1.5151230127555728
1.3, 1.5159431286014606
1.301, 1.5167621376783256
1.302, 1.517580041479783
1.303, 1.5183968414974331
1.304, 1.5192125392208622
1.305, 1.520027136137647
1.306, 1.5208406337333564
1.307, 1.5216530334915548
1.308, 1.5224643368938042
1.309, 1.5232745454196674
1.31, 1.5240836605467103
1.311, 1.5248916837505047
1.312, 1.5256986165046313
1.3125, 1.5265044602806823
1.313, 1.5265044602806823
1.314, 1.5273092165482636
1.315, 1.528112886774998
1.316, 1.5289154724265275
1.317, 1.5297169749665165
1.318, 1.530517395856654
1.319, 1.5313167365566565
1.32, 1.5321149985242701
1.321, 1.5329121832152743
1.322, 1.5337082920834837
1.323, 1.5345033265807508
1.324, 1.535297288156969
1.325, 1.5360901782600749
1.326, 1.536881998336051
1.327, 1.5376727498289289
1.328, 1.5384624341807904
1.328125, 1.5392510528317724
1.329, 1.5392510528317724
1.33, 1.5400386072200676
1.331, 1.5408250987819276
1.332, 1.5416105289516664
1.333, 1.542394899161662
1.334, 1.5431782108423595
1.335, 1.5439604654222732
1.336, 1.5447416643279899
1.337, 1.5455218089841714
1.338, 1.5463009008135562
1.339, 1.5470789412369637
1.34, 1.547855931673295
1.341, 1.5486318735395366
1.342, 1.549406768250763
1.343, 1.5501806172201391
1.34375, 1.5509534218589223
1.344, 1.5509534218589223
1.345, 1.5517251835764654
1.346, 1.5524959037802197
1.347, 1.5532655838757368
1.348, 1.5540342252666715
1.349, 1.5548018293547845
1.35, 1.5555683975399446
1.351, 1.5563339312201314
1.352, 1.557098431791438
1.353, 1.5578619006480736
1.354, 1.5586243391823655
1.355, 1.5593857487847624
1.356, 1.5601461308438362
1.357, 1.560905486746285
1.358, 1.5616638178769358
1.359, 1.5624211256187461
1.359375, 1.5631774113528079
1.36, 1.5631774113528079
1.361, 1.5639326764583485
1.362, 1.5646869223127347
1.363, 1.5654401502914737
1.364, 1.5661923617682172
1.365, 1.5669435581147626
1.366, 1.5676937407010563
1.367, 1.5684429108951958
1.368, 1.5691910700634324
1.369, 1.5699382195701732
1.37, 1.5706843607779846
1.371, 1.5714294950475938
1.372, 1.5721736237378918
1.373, 1.5729167482059356
1.374, 1.5736588698069511
1.375, 1.574399989894335
1.3760000000000001, 1.5751401098196578
1.377, 1.5758792309326655
1.3780000000000001, 1.5766173545812832
1.379, 1.5773544821116168
1.3800000000000001, 1.5780906148679552
1.381, 1.5788257541927737
1.3820000000000001, 1.5795599014267354
1.383, 1.5802930579086945
1.3840000000000001, 1.5810252249756982
1.385, 1.5817564039629892
1.3860000000000001, 1.5824865962040087
1.387, 1.5832158030303978
1.3880000000000001, 1.583944025772001
1.389, 1.584671265756868
1.3900000000000001, 1.5853975243112561
1.390625, 1.5861228027596328
1.391, 1.5861228027596328
1.3920000000000001, 1.5868471024246784
1.393, 1.5875704246272881
1.3940000000000001, 1.5882927706865744
1.395, 1.5890141419198698
1.3960000000000001, 1.5897345396427287
1.397, 1.5904539651689307
1.3980000000000001, 1.591172419810482
1.399, 1.5918899048776183
1.4000000000000001, 1.592606421678807
1.401, 1.5933219715207498
1.4020000000000001, 1.594036555708385
1.403, 1.5947501755448898
1.4040000000000001, 1.5954628323316826
1.405, 1.5961745273684258
1.4060000000000001, 1.5968852619530276
1.40625, 1.5975950373816448
1.407, 1.5975950373816448
1.408, 1.598303854948685
1.409, 1.5990117159468087
1.41, 1.5997186216669323
1.411, 1.6004245733982299
1.412, 1.6011295724281356
1.413, 1.6018336200423464
1.414, 1.6025367175248242
1.415, 1.603238866157798
1.416, 1.6039400672217665
1.417, 1.6046403219955
1.418, 1.6053396317560438
1.419, 1.6060379977787191
1.42, 1.6067354213371263
1.421, 1.607431903703147
1.421875, 1.6081274461469464
1.422, 1.6081274461469464
1.423, 1.6088220499369754
1.424, 1.6095157163399734
1.425, 1.6102084466209698
1.426, 1.6109002420432876
1.427, 1.6115911038685442
1.428, 1.6122810333566546
1.429, 1.6129700317658338
1.43, 1.6136581003525983
1.431, 1.6143452403717693
1.432, 1.6150314530764747
1.433, 1.6157167397181507
1.434, 1.6164011015465451
1.435, 1.6170845398097191
1.436, 1.6177670557540493
1.437, 1.6184486506242306
1.4375, 1.6191293256632782
1.438, 1.6191293256632782
1.439, 1.6198090821125293
1.44, 1.6204879212116465
1.441, 1.6211658441986192
1.442, 1.621842852309766
1.443, 1.6225189467797372
1.444, 1.6231941288415168
1.445, 1.623868399726425
1.446, 1.62454176066412
1.447, 1.6252142128826008
1.448, 1.6258857576082093
1.449, 1.626556396065632
1.45, 1.627226129477903
1.451, 1.6278949590664056
1.452, 1.6285628860508752
1.453, 1.629229911649401
1.453125, 1.629896037078428
1.454, 1.629896037078428
1.455, 1.6305612635527598
1.456, 1.631225592285561
1.457, 1.6318890244883584
1.458, 1.632551561371044
1.459, 1.6332132041418772
1.46, 1.6338739540074865
1.461, 1.6345338121728723
1.462, 1.6351927798414088
1.463, 1.635850858214846
1.464, 1.6365080484933126
1.465, 1.6371643518753167
1.466, 1.63781976955775
1.467, 1.6384743027358886
1.468, 1.6391279526033953
1.46875, 1.6397807203523225
1.469, 1.6397807203523225
1.47, 1.6404326071731135
1.471, 1.641083614254605
1.472, 1.64173374278403
1.473, 1.6423829939470183
1.474, 1.6430313689276004
1.475, 1.6436788689082087
1.476, 1.64432549506968
1.477, 1.644971248591257
1.478, 1.645616130650592
1.479, 1.646260142423747
1.48, 1.6469032850851975
1.481, 1.6475455598078335
1.482, 1.6481869677629624
1.483, 1.6488275101203111
1.484, 1.6494671880480278
1.484375, 1.6501060027126842
1.485, 1.6501060027126842
1.486, 1.6507439552792775
1.487, 1.651381046911233
1.488, 1.6520172787704062
1.489, 1.6526526520170837
1.49, 1.653287167809987
1.491, 1.6539208273062735
1.492, 1.6545536316615397
1.493, 1.6551855820298216
1.494, 1.6558166795635985
1.495, 1.656446925413794
1.496, 1.6570763207297785
1.497, 1.657704866659372
1.498, 1.6583325643488442
1.499, 1.6589594149429192
1.5, 1.6595854195847755
1.5010000000000001, 1.6602105794160489
1.502, 1.6608348955768348
1.5030000000000001, 1.66145836920569
1.504, 1.662081001439634
1.5050000000000001, 1.6627027934141534
1.506, 1.663323746263201
1.5070000000000001, 1.6639438611192
1.508, 1.6645631391130449
1.5090000000000001, 1.6651815813741047
1.51, 1.6657991890302237
1.5110000000000001, 1.6664159632077247
1.512, 1.6670319050314097
1.5130000000000001, 1.6676470156245635
1.514, 1.6682612961089547
1.5150000000000001, 1.6688747476048378
1.515625, 1.669487371230956
1.516, 1.669487371230956
1.5170000000000001, 1.6700991681045423
1.518, 1.6707101393413222
1.5190000000000001, 1.6713202860555152
1.52, 1.6719296093598377
1.5210000000000001, 1.6725381103655037
1.522, 1.6731457901822282
1.5230000000000001, 1.6737526499182285
1.524, 1.674358690680226
1.5250000000000001, 1.6749639135734489
1.526, 1.6755683197016338
1.5270000000000001, 1.6761719101670276
1.528, 1.6767746860703898
1.5290000000000001, 1.6773766485109944
1.53, 1.677977798586632
1.5310000000000001, 1.6785781373936115
1.53125, 1.6791776660267623
1.532, 1.6791776660267623
1.5330000000000001, 1.6797763855794365
1.534, 1.6803742971435107
1.5350000000000001, 1.6809714018093878
1.536, 1.681567700665999
1.537, 1.6821631948008067
1.538, 1.6827578852998049
1.539, 1.6833517732475223
1.54, 1.6839448597270241
1.541, 1.684537145819914
1.542, 1.6851286326063357
1.543, 1.6857193211649755
1.544, 1.6863092125730639
1.545, 1.6868983079063775
1.546, 1.6874866082392412
1.546875, 1.6880741146445302
1.547, 1.6880741146445302
1.548, 1.6886608281936717
1.549, 1.689246749956647
1.55, 1.6898318810019934
1.551, 1.6904162223968064
1.552, 1.6909997752067412
1.553, 1.6915825404960148
1.554, 1.692164519327408
1.555, 1.6927457127622676
1.556, 1.693326121860508
1.557, 1.6939057476806132
1.558, 1.6944845912796385
1.559, 1.695062653713213
1.56, 1.6956399360355412
1.561, 1.6962164392994048
1.562, 1.6967921645561646
1.5625, 1.6973671128557628
1.563, 1.6973671128557628
1.564, 1.6979412852467246
1.565, 1.6985146827761601
1.566, 1.6990873064897665
1.567, 1.6996591574318294
1.568, 1.7002302366452255
1.569, 1.700800545171424
1.57, 1.7013700840504888
1.571, 1.7019388543210798
1.572, 1.7025068570204553
1.573, 1.7030740931844741
1.574, 1.7036405638475969
1.575, 1.7042062700428882
1.576, 1.7047712128020185
1.577, 1.705335393155266
1.578, 1.7058988121315184
1.578125, 1.7064614707582753
1.579, 1.7064614707582753
1.58, 1.7070233700616493
1.581, 1.7075845110663683
1.582, 1.7081448947957774
1.583, 1.7087045222718402
1.584, 1.7092633945151419
1.585, 1.70982151254489
1.586, 1.7103788773789161
1.587, 1.7109354900336793
1.588, 1.711491351524266
1.589, 1.712046462864393
1.59, 1.7126008250664093
1.591, 1.7131544391412974
1.592, 1.7137073060986754
1.593, 1.7142594269467992
1.59375, 1.714810802692564
1.594, 1.714810802692564
1.595, 1.7153614343415058
1.596, 1.715911322897804
1.597, 1.7164604693642826
1.598, 1.7170088747424124
1.599, 1.7175565400323125
1.6, 1.7181034662327526
1.601, 1.7186496543411542
1.602, 1.7191951053535932
1.603, 1.7197398202648009
1.604, 1.7202838000681662
1.605, 1.7208270457557373
1.606, 1.721369558318224
1.607, 1.721911338744999
1.608, 1.7224523880240994
1.609, 1.7229927071422293
1.609375, 1.7235322970847613
1.61, 1.7235322970847613
1.611, 1.7240711588357378
1.612, 1.7246092933778736
1.613, 1.7251467016925572
1.614, 1.7256833847598525
1.615, 1.726219343558501
1.616, 1.7267545790659231
1.617, 1.7272890922582207
1.618, 1.7278228841101777
1.619, 1.728355955595263
1.62, 1.7288883076856316
1.621, 1.7294199413521265
1.622, 1.7299508575642808
1.623, 1.7304810572903189
1.624, 1.7310105414971584
1.625, 1.7315393111504125
1.6260000000000001, 1.732067367214391
1.627, 1.7325947106521022
1.6280000000000001, 1.7331213424252552
1.629, 1.7336472634942608
1.6300000000000001, 1.734172474818234
1.631, 1.7346969773549954
1.6320000000000001, 1.7352207720610728
1.633, 1.7357438598917034
1.6340000000000001, 1.7362662418008352
1.635, 1.7367879187411288
1.6360000000000001, 1.7373088916639592
1.637, 1.7378291615194172
1.6380000000000001, 1.738348729256312
1.639, 1.7388675958221718
1.6400000000000001, 1.7393857621632463
1.640625, 1.7399032292245082
1.641, 1.7399032292245082
1.6420000000000001, 1.7404199979496553
1.643, 1.740936069281111
1.6440000000000001, 1.741451444160028
1.645, 1.7419661235262875
1.6460000000000001, 1.7424801083185035
1.647, 1.742993399474023
1.6480000000000001, 1.7435059979289278
1.649, 1.7440179046180364
1.6500000000000001, 1.744529120474906
1.651, 1.7450396464318338
1.6520000000000001, 1.7455494834198588
1.653, 1.7460586323687637
1.6540000000000001, 1.7465670942070763
1.655, 1.7470748698620715
1.6560000000000001, 1.7475819602597724
1.65625, 1.7480883663249527
1.657, 1.7480883663249527
1.6580000000000001, 1.7485940889811382
1.659, 1.7490991291506082
1.6600000000000001, 1.7496034877543973
1.661, 1.7501071657122975
1.6620000000000001, 1.750610163942859
1.663, 1.7511124833633929
1.6640000000000001, 1.751614124889972
1.665, 1.7521150894374327
1.666, 1.7526153779193774
1.667, 1.753114991248175
1.668, 1.7536139303349634
1.669, 1.7541121960896509
1.67, 1.7546097894209178
1.671, 1.7551067112362182
1.671875, 1.7556029624417813
1.672, 1.7556029624417813
1.673, 1.7560985439426133
1.674, 1.7565934566424997
1.675, 1.7570877014440056
1.676, 1.7575812792484784
1.677, 1.758074190956049
1.678, 1.758566437465634
1.679, 1.759058019674936
1.68, 1.7595489384804466
1.681, 1.7600391947774479
1.682, 1.7605287894600132
1.683, 1.7610177234210098
1.684, 1.7615059975520995
1.685, 1.761993612743741
1.686, 1.7624805698851913
1.687, 1.7629668698645073
1.6875, 1.7634525135685477
1.688, 1.7634525135685477
1.689, 1.763937501882974
1.69, 1.7644218356922525
1.691, 1.7649055158796563
1.692, 1.765388543327266
1.693, 1.765870918915972
1.694, 1.766352643525476
1.695, 1.7668337180342923
1.696, 1.76731414331975
1.697, 1.7677939202579938
1.698, 1.7682730497239862
1.699, 1.768751532591509
1.7, 1.769229369733165
1.701, 1.7697065620203785
1.702, 1.7701831103233987
1.703, 1.7706590155113002
1.703125, 1.7711342784519846
1.704, 1.7711342784519846
1.705, 1.7716089000121822
1.706, 1.7720828810574538
1.707, 1.772556222452192
1.708, 1.7730289250596227
1.709, 1.7735009897418073
1.71, 1.7739724173596434
1.711, 1.7744432087728672
1.712, 1.7749133648400541
1.713, 1.7753828864186214
1.714, 1.775851774364829
1.715, 1.776320029533781
1.716, 1.7767876527794284
1.717, 1.7772546449545688
1.718, 1.7777210069108493
1.71875, 1.7781867394987678
1.719, 1.7781867394987678
1.72, 1.7786518435676741
1.721, 1.7791163199657722
1.722, 1.7795801695401212
1.723, 1.780043393136637
1.724, 1.7805059916000943
1.725, 1.780967965774127
1.726, 1.7814293165012314
1.727, 1.7818900446227661
1.728, 1.7823501509789546
1.729, 1.7828096364088863
1.73, 1.7832685017505185
1.731, 1.7837267478406778
1.732, 1.7841843755150606
1.733, 1.7846413856082366
1.734, 1.7850977789536484
1.734375, 1.7855535563836142
1.735, 1.7855535563836142
1.736, 1.7860087187293292
1.737, 1.7864632668208664
1.738, 1.7869172014871788
1.739, 1.7873705235561008
1.74, 1.7878232338543496
1.741, 1.7882753332075265
1.742, 1.7887268224401187
1.743, 1.7891777023755011
1.744, 1.7896279738359369
1.745, 1.7900776376425798
1.746, 1.7905266946154756
1.747, 1.7909751455735632
1.748, 1.7914229913346764
1.749, 1.7918702327155451
1.75, 1.7923168705317973
1.7510000000000001, 1.7927629055979601
1.752, 1.7932083387274613
1.7530000000000001, 1.7936531707326313
1.754, 1.7940974024247038
1.7550000000000001, 1.7945410346138182
1.756, 1.7949840681090201
1.7570000000000001, 1.7954265037182635
1.758, 1.795868342248412
1.7590000000000001, 1.7963095845052406
1.76, 1.7967502312934365
1.7610000000000001, 1.7971902834166011
1.762, 1.7976297416772513
1.7630000000000001, 1.798068606876821
1.764, 1.7985068798156625
1.7650000000000001, 1.7989445612930481
1.765625, 1.7993816521071715
1.766, 1.7993816521071715
1.7670000000000001, 1.799818153055149
1.768, 1.800254064933021
1.7690000000000001, 1.8006893885357542
1.77, 1.8011241246572423
1.7710000000000001, 1.8015582740903073
1.772, 1.8019918376267015
1.7730000000000001, 1.8024248160571086
1.774, 1.8028572101711455
1.7750000000000001, 1.803289020757363
1.776, 1.8037202486032484
1.7770000000000001, 1.8041508944952256
1.778, 1.8045809592186577
1.7790000000000001, 1.8050104435578476
1.78, 1.80543934829604
1.7810000000000001, 1.8058676742154225
1.78125, 1.806295422097127
1.782, 1.806295422097127
1.7830000000000001, 1.8067225927212314
1.784, 1.8071491868667606
1.7850000000000001, 1.8075752053116887
1.786, 1.8080006488329394
1.7870000000000001, 1.8084255182063882
1.788, 1.8088498142068632
1.7890000000000001, 1.8092735376081472
1.79, 1.8096966891829789
1.7910000000000001, 1.8101192697030537
1.792, 1.810541279939026
1.793, 1.8109627206605097
1.794, 1.8113835926360804
1.795, 1.8118038966332766
1.796, 1.8122236334186006
1.796875, 1.8126428037575206
1.797, 1.8126428037575206
1.798, 1.8130614084144718
1.799, 1.8134794481528578
1.8, 1.8138969237350515
1.801, 1.8143138359223976
1.802, 1.8147301854752127
1.803, 1.815145973152788
1.804, 1.8155611997133894
1.805, 1.8159758659142597
1.806, 1.8163899725116204
1.807, 1.8168035202606714
1.808, 1.8172165099155941
1.809, 1.817628942229552
1.81, 1.818040817954692
1.811, 1.8184521378421465
1.812, 1.8188629026420335
1.8125, 1.8192731131034592
1.813, 1.8192731131034592
1.814, 1.8196827699745184
1.815, 1.8200918740022969
1.816, 1.8205004259328719
1.817, 1.8209084265113138
1.818, 1.8213158764816877
1.819, 1.8217227765870543
1.82, 1.8221291275694718
1.821, 1.8225349301699967
1.822, 1.8229401851286855
1.823, 1.8233448931845961
1.824, 1.8237490550757889
1.825, 1.8241526715393281
1.826, 1.8245557433112838
1.827, 1.824958271126732
1.828, 1.8253602557197572
1.828125, 1.8257616978234532
1.829, 1.8257616978234532
1.83, 1.826162598169924
1.831, 1.8265629574902864
1.832, 1.8269627765146699
1.833, 1.8273620559722188
1.834, 1.8277607965910936
1.835, 1.828158999098472
1.836, 1.8285566642205502
1.837, 1.8289537926825445
1.838, 1.8293503852086928
1.839, 1.8297464425222552
1.84, 1.8301419653455158
1.841, 1.8305369543997843
1.842, 1.8309314104053964
1.843, 1.8313253340817164
1.84375, 1.831718726147137
1.844, 1.831718726147137
1.845, 1.832111587319082
1.846, 1.832503918314007
1.847, 1.8328957198474003
1.848, 1.833286992633785
1.849, 1.8336777373867197
1.85, 1.8340679548188001
1.851, 1.8344576456416606
1.852, 1.8348468105659748
1.853, 1.8352354503014572
1.854, 1.8356235655568647
1.855, 1.8360111570399977
1.856, 1.8363982254577014
1.857, 1.836784771515867
1.858, 1.8371707959194332
1.859, 1.8375562993723873
1.859375, 1.8379412825777666
1.86, 1.8379412825777666
1.861, 1.8383257462376594
1.862, 1.838709691053207
1.863, 1.8390931177246042
1.864, 1.8394760269511006
1.865, 1.8398584194310024
1.866, 1.8402402958616737
1.867, 1.840621656939537
1.868, 1.8410025033600754
1.869, 1.841382835817833
1.87, 1.8417626550064168
1.871, 1.8421419616184977
1.872, 1.8425207563458121
1.873, 1.8428990398791625
1.874, 1.8432768129084192
1.875, 1.8436540761225217
1.8760000000000001, 1.8440308302094797
1.877, 1.8444070758563742
1.8780000000000001, 1.8447828137493594
1.879, 1.845158044573663
1.8800000000000001, 1.8455327690135885
1.881, 1.8459069877525154
1.8820000000000001, 1.8462807014729012
1.883, 1.8466539108562825
1.8840000000000001, 1.8470266165832758
1.885, 1.8473988193335797
1.8860000000000001, 1.8477705197859748
1.887, 1.8481417186183262
1.8880000000000001, 1.8485124165075841
1.889, 1.848882614129785
1.8900000000000001, 1.849252312160053
1.890625, 1.8496215112726013
1.891, 1.8496215112726013
1.8920000000000001, 1.8499902121407332
1.893, 1.8503584154368435
1.8940000000000001, 1.8507261218324191
1.895, 1.8510933319980412
1.8960000000000001, 1.8514600466033857
1.897, 1.8518262663172251
1.8980000000000001, 1.8521919918074292
1.899, 1.8525572237409662
1.9000000000000001, 1.8529219627839046
1.901, 1.853286209601414
1.9020000000000001, 1.8536499648577662
1.903, 1.8540132292163367
1.9040000000000001, 1.8543760033396053
1.905, 1.8547382878891583
1.9060000000000001, 1.855100083525689
1.90625, 1.855461390908999
1.907, 1.855461390908999
1.9080000000000001, 1.8558222106979996
1.909, 1.8561825435507127
1.9100000000000001, 1.8565423901242724
1.911, 1.8569017510749257
1.9120000000000001, 1.8572606270580343
1.913, 1.8576190187280752
1.9140000000000001, 1.8579769267386426
1.915, 1.858334351742448
1.9160000000000001, 1.8586912943913225
1.917, 1.8590477553362175
1.9180000000000001, 1.8594037352272055
1.919, 1.8597592347134824
1.92, 1.8601142544433675
1.921, 1.8604687950643055
1.921875, 1.860822857222867
1.922, 1.860822857222867
1.923, 1.8611764415647505
1.924, 1.8615295487347825
1.925, 1.8618821793769196
1.926, 1.8622343341342495
1.927, 1.862586013648992
1.928, 1.8629372185625
1.929, 1.863287949515261
1.93, 1.8636382071468982
1.931, 1.8639879920961715
1.932, 1.8643373050009788
1.933, 1.8646861464983573
1.934, 1.8650345172244842
1.935, 1.8653824178146785
1.936, 1.8657298489034015
1.937, 1.8660768111242585
1.9375, 1.8664233051099997
1.938, 1.8664233051099997
1.939, 1.8667693314925211
1.94, 1.8671148909028665
1.941, 1.8674599839712276
1.942, 1.8678046113269458
1.943, 1.8681487735985132
1.944, 1.8684924714135738
1.945, 1.8688357053989244
1.946, 1.8691784761805161
1.947, 1.8695207843834554
1.948, 1.8698626306320045
1.949, 1.870204015549584
1.95, 1.8705449397587728
1.951, 1.8708854038813094
1.952, 1.8712254085380937
1.953, 1.8715649543491872
1.953125, 1.871904041933815
1.954, 1.871904041933815
1.955, 1.8722426719103664
1.956, 1.872580844896396
1.957, 1.8729185615086255
1.958, 1.8732558223629436
1.959, 1.8735926280744084
1.96, 1.8739289792572478
1.961, 1.8742648765248606
1.962, 1.8746003204898183
1.963, 1.874935311763865
1.964, 1.8752698509579198
1.965, 1.8756039386820769
1.966, 1.8759375755456076
1.967, 1.876270762156961
1.968, 1.8766034991237646
1.96875, 1.8769357870528263
1.969, 1.8769357870528263
1.97, 1.8772676265501347
1.971, 1.877599018220861
1.972, 1.8779299626693597
1.973, 1.8782604604991695
1.974, 1.8785905123130147
1.975, 1.878920118712806
1.976, 1.879249280299642
1.977, 1.8795779976738105
1.978, 1.8799062714347883
1.979, 1.8802341021812439
1.98, 1.8805614905110377
1.981, 1.880888437021223
1.982, 1.881214942308048
1.983, 1.8815410069669554
1.984, 1.881866631592585
1.984375, 1.8821918167787737
1.985, 1.8821918167787737
1.986, 1.8825165631185572
1.987, 1.882840871204171
1.988, 1.8831647416270514
1.989, 1.883488174977836
1.99, 1.883811171846366
1.991, 1.8841337328216858
1.992, 1.8844558584920459
1.993, 1.884777549444902
1.994, 1.8850988062669174
1.995, 1.885419629543964
1.996, 1.8857400198611225
1.997, 1.8860599778026843
1.998, 1.8863795039521523
1.999, 1.8866985988922418
2.0, 1.8870172632048816
2.001, 1.8873354974712158
2.0020000000000002, 1.8876533022716033
2.003, 1.8879706781856207
2.004, 1.8882876257920618
2.005, 1.8886041456689395
2.0060000000000002, 1.8889202383934867
2.007, 1.8892359045421572
2.008, 1.8895511446906272
2.009, 1.8898659594137956
2.0100000000000002, 1.8901803492857856
2.011, 1.8904943148799458
2.012, 1.8908078567688507
2.013, 1.8911209755243021
2.0140000000000002, 1.8914336717173306
2.015, 1.8917459459181958
2.015625, 1.8920577986963878
2.016, 1.8920577986963878
2.017, 1.8923692306206281
2.0180000000000002, 1.8926802422588707
2.019, 1.8929908341783033
2.02, 1.893301006945348
2.021, 1.8936107611256625
2.0220000000000002, 1.8939200972841412
2.023, 1.8942290159849162
2.024, 1.8945375177913581
2.025, 1.8948456032660774
2.0260000000000002, 1.8951532729709253
2.027, 1.8954605274669947
2.028, 1.8957673673146214
2.029, 1.8960737930733849
2.0300000000000002, 1.8963798053021097
2.031, 1.896685404558866
2.03125, 1.8969905914009706
2.032, 1.8969905914009706
2.033, 1.8972953663849887
2.0340000000000003, 1.8975997300667342
2.035, 1.897903683001271
2.036, 1.8982072257429135
2.037, 1.8985103588452286
2.0380000000000003, 1.898813082861036
2.039, 1.899115398342409
2.04, 1.8994173058406763
2.041, 1.8997188059064223
2.0420000000000003, 1.9000198990894883
2.043, 1.900320585938974
2.044, 1.9006208670032378
2.045, 1.900920742829898
2.0460000000000003, 1.9012202139658338
2.046875, 1.9015192809571868
2.047, 1.9015192809571868
2.048, 1.9018179443493612
2.049, 1.9021162046870252
2.05, 1.9024140625141122
2.051, 1.902711518373821
2.052, 1.9030085728086181
2.053, 1.9033052263602372
2.054, 1.9036014795696814
2.055, 1.9038973329772235
2.056, 1.9041927871224074
2.057, 1.9044878425440483
2.058, 1.9047824997802352
2.059, 1.90507675936833
2.06, 1.9053706218449697
2.061, 1.9056640877460675
2.062, 1.905957157606813
2.0625, 1.9062498319616734
2.063, 1.9062498319616734
2.064, 1.906542111344395
2.065, 1.9068339962880037
2.066, 1.9071254873248058
2.067, 1.9074165849863896
2.068, 1.9077072898036258
2.069, 1.9079976023066687
2.07, 1.9082875230249572
2.071, 1.9085770524872157
2.072, 1.9088661912214548
2.073, 1.909154939754973
2.074, 1.9094432986143568
2.075, 1.9097312683254823
2.076, 1.910018849413516
2.077, 1.9103060424029152
2.078, 1.91059284781743
2.078125, 1.9108792661801035
2.079, 1.9108792661801035
2.08, 1.9111652980132725
2.081, 1.9114509438385696
2.082, 1.911736204176923
2.083, 1.912021079548558
2.084, 1.9123055704729977
2.085, 1.9125896774690643
2.086, 1.9128734010548798
2.087, 1.913156741747867
2.088, 1.9134397000647503
2.089, 1.913722276521557
2.09, 1.9140044716336175
2.091, 1.9142862859155674
2.092, 1.914567719881347
2.093, 1.9148487740442042
2.09375, 1.915129448916693
2.094, 1.915129448916693
2.095, 1.9154097450106764
2.096, 1.9156896628373266
2.097, 1.9159692029071256
2.098, 1.9162483657298668
2.099, 1.9165271518146556
2.1, 1.9168055616699102
2.101, 1.917083595803363
2.102, 1.9173612547220606
2.103, 1.917638538932366
2.104, 1.9179154489399586
2.105, 1.918191985249835
2.106, 1.9184681483663109
2.107, 1.9187439387930207
2.108, 1.9190193570329201
2.109, 1.9192944035882853
2.109375, 1.9195690789607147
2.11, 1.9195690789607147
2.111, 1.91984338365113
2.112, 1.9201173181597768
2.113, 1.9203908829862257
2.114, 1.9206640786293732
2.115, 1.9209369055874421
2.116, 1.9212093643579833
2.117, 1.9214814554378759
2.118, 1.9217531793233287
2.119, 1.9220245365098807
2.12, 1.9222955274924023
2.121, 1.922566152765096
2.122, 1.9228364128214972
2.123, 1.9231063081544755
2.124, 1.9233758392562352
2.125, 1.9236450066183164
2.126, 1.9239138107315958
2.1270000000000002, 1.924182252086288
2.128, 1.9244503311719452
2.129, 1.92471804847746
2.13, 1.9249854044910646
2.1310000000000002, 1.9252523997003324
2.132, 1.9255190345921787
2.133, 1.9257853096528619
2.134, 1.926051225367984
2.1350000000000002, 1.926316782222492
2.136, 1.926581980700678
2.137, 1.9268468212861811
2.138, 1.9271113044619872
2.1390000000000002, 1.9273754307104305
2.14, 1.9276392005131944
2.140625, 1.927902614351312
2.141, 1.927902614351312
2.142, 1.9281656727051677
2.1430000000000002, 1.9284283760544974
2.144, 1.9286907248783893
2.145, 1.9289527196552854
2.146, 1.929214360862982
2.1470000000000002, 1.9294756489786302
2.148, 1.929736584478738
2.149, 1.9299971678391694
2.15, 1.9302573995351469
2.1510000000000002, 1.9305172800412511
2.152, 1.9307768098314226
2.153, 1.9310359893789624
2.154, 1.9312948191565324
2.1550000000000002, 1.931553299636157
2.156, 1.9318114312892236
2.15625, 1.932069214586483
2.157, 1.932069214586483
2.158, 1.9323266499980511
2.1590000000000003, 1.9325837379934092
2.16, 1.932840479041405
2.161, 1.933096873610254
2.162, 1.933352922167539
2.1630000000000003, 1.9336086251802123
2.164, 1.9338639831145958
2.165, 1.9341189964363823
2.166, 1.934373665610636
2.1670000000000003, 1.9346279911017936
2.168, 1.9348819733736649
2.169, 1.9351356128894337
2.17, 1.935388910111659
2.1710000000000003, 1.9356418655022753
2.171875, 1.935894479522594
2.172, 1.935894479522594
2.173, 1.9361467526333036
2.174, 1.936398685294471
2.1750000000000003, 1.9366502779655426
2.176, 1.936901531105344
2.177, 1.9371524451720823
2.178, 1.937403020623346
2.179, 1.9376532579161059
2.18, 1.9379031575067163
2.181, 1.9381527198509156
2.182, 1.9384019454038273
2.183, 1.9386508346199602
2.184, 1.9388993879532106
2.185, 1.9391476058568613
2.186, 1.939395488783584
2.187, 1.9396430371854394
2.1875, 1.939890251513878
2.188, 1.939890251513878
2.189, 1.9401371322197412
2.19, 1.9403836797532616
2.191, 1.9406298945640648
2.192, 1.940875777101169
2.193, 1.9411213278129873
2.194, 1.9413665471473267
2.195, 1.9416114355513903
2.196, 1.9418559934717776
2.197, 1.9421002213544856
2.198, 1.9423441196449092
2.199, 1.9425876887878424
2.2, 1.9428309292274788
2.201, 1.9430738414074127
2.202, 1.9433164257706395
2.203, 1.9435586827595568
2.203125, 1.9438006128159655
2.204, 1.9438006128159655
2.205, 1.94404221638107
2.206, 1.9442834938954794
2.207, 1.9445244457992081
2.208, 1.9447650725316767
2.209, 1.9450053745317128
2.21, 1.945245352237552
2.211, 1.9454850060868378
2.212, 1.9457243365166241
2.213, 1.9459633439633741
2.214, 1.9462020288629625
2.215, 1.9464403916506756
2.216, 1.9466784327612123
2.217, 1.946916152628685
2.218, 1.9471535516866199
2.21875, 1.9473906303679582
2.219, 1.9473906303679582
2.22, 1.9476273891050573
2.221, 1.9478638283296907
2.222, 1.9480999484730492
2.223, 1.948335749965742
2.224, 1.948571233237797
2.225, 1.9488063987186615
2.226, 1.9490412468372036
2.227, 1.9492757780217127
2.228, 1.9495099926998998
2.229, 1.9497438912988991
2.23, 1.9499774742452682
2.231, 1.950210741964989
2.232, 1.9504436948834687
2.233, 1.9506763334255401
2.234, 1.950908658015463
2.234375, 1.9511406690769246
2.235, 1.9511406690769246
2.236, 1.95137236703304
2.237, 1.9516037523063536
2.238, 1.9518348253188396
2.239, 1.9520655864919023
2.24, 1.952296036246378
2.241, 1.9525261750025344
2.242, 1.9527560031800728
2.243, 1.9529855211981273
2.244, 1.9532147294752666
2.245, 1.953443628429495
2.246, 1.953672218478252
2.247, 1.9539005000384142
2.248, 1.9541284735262954
2.249, 1.9543561393576478
2.25, 1.9545834979476624
2.251, 1.9548105497109698
2.2520000000000002, 1.955037295061641
2.253, 1.9552637344131887
2.254, 1.9554898681785668
2.255, 1.9557156967701725
2.2560000000000002, 1.9559412205998463
2.257, 1.9561664400788727
2.258, 1.9563913556179815
2.259, 1.9566159676273478
2.2600000000000002, 1.9568402765165935
2.261, 1.9570642826947877
2.262, 1.9572879865704471
2.263, 1.9575113885515374
2.2640000000000002, 1.9577344890454738
2.265, 1.9579572884591214
2.265625, 1.9581797871987965
2.266, 1.9581797871987965
2.267, 1.958401985670267
2.2680000000000002, 1.9586238842787531
2.269, 1.9588454834289282
2.27, 1.9590667835249194
2.271, 1.9592877849703088
2.2720000000000002, 1.9595084881681335
2.273, 1.959728893520887
2.274, 1.9599490014305192
2.275, 1.960168812298438
2.2760000000000002, 1.9603883265255095
2.277, 1.9606075445120588
2.278, 1.9608264666578703
2.279, 1.9610450933621895
2.2800000000000002, 1.9612634250237229
2.281, 1.9614814620406387
2.28125, 1.9616992048105681
2.282, 1.9616992048105681
2.283, 1.9619166537306056
2.2840000000000003, 1.9621338091973097
2.285, 1.9623506716067038
2.286, 1.962567241354277
2.287, 1.9627835188349843
2.2880000000000003, 1.962999504443248
2.289, 1.963215198572958
2.29, 1.9634306016174727
2.291, 1.9636457139696197
2.2920000000000003, 1.9638605360216963
2.293, 1.9640750681654706
2.294, 1.9642893107921817
2.295, 1.964503264292541
2.2960000000000003, 1.9647169290567326
2.296875, 1.9649303054744136
2.297, 1.9649303054744136
2.298, 1.9651433939347158
2.299, 1.9653561948262457
2.3000000000000003, 1.9655687085370852
2.301, 1.9657809354547928
2.302, 1.9659928759664036
2.303, 1.9662045304584306
2.3040000000000003, 1.966415899316865
2.305, 1.9666269829271774
2.306, 1.966837781674318
2.307, 1.9670482959427178
2.308, 1.9672585261162883
2.309, 1.9674684725784233
2.31, 1.9676781357119995
2.311, 1.9678875158993765
2.312, 1.968096613522398
2.3125, 1.9683054289623927
2.313, 1.9683054289623927
2.314, 1.9685139626001742
2.315, 1.9687222148160421
2.316, 1.9689301859897836
2.317, 1.9691378765006724
2.318, 1.969345286727471
2.319, 1.9695524170484304
2.32, 1.9697592678412914
2.321, 1.9699658394832849
2.322, 1.9701721323511325
2.323, 1.970378146821048
2.324, 1.9705838832687368
2.325, 1.9707893420693976
2.326, 1.9709945235977229
2.327, 1.9711994282278993
2.328, 1.9714040563336084
2.328125, 1.9716084082880279
2.329, 1.9716084082880279
2.33, 1.9718124844638314
2.331, 1.9720162852331897
2.332, 1.9722198109677718
2.333, 1.9724230620387444
2.334, 1.9726260388167736
2.335, 1.9728287416720254
2.336, 1.9730311709741661
2.337, 1.9732333270923634
2.338, 1.9734352103952866
2.339, 1.9736368212511073
2.34, 1.9738381600275003
2.341, 1.9740392270916447
2.342, 1.9742400228102233
2.343, 1.9744405475494247
2.34375, 1.9746408016749428
2.344, 1.9746408016749428
2.345, 1.9748407855519785
2.346, 1.9750404995452395
2.347, 1.9752399440189414
2.348, 1.9754391193368084
2.349, 1.9756380258620736
2.35, 1.9758366639574803
2.351, 1.9760350339852817
2.352, 1.9762331363072427
2.353, 1.9764309712846397
2.354, 1.9766285392782617
2.355, 1.9768258406484103
2.356, 1.9770228757549015
2.357, 1.9772196449570656
2.358, 1.9774161486137476
2.359, 1.9776123870833084
2.359375, 1.9778083607236256
2.36, 1.9778083607236256
2.361, 1.9780040698920935
2.362, 1.9781995149456244
2.363, 1.9783946962406485
2.364, 1.978589614133115
2.365, 1.9787842689784931
2.366, 1.9789786611317723
2.367, 1.9791727909474628
2.368, 1.9793666587795964
2.369, 1.979560264981727
2.37, 1.9797536099069317
2.371, 1.979946693907811
2.372, 1.9801395173364893
2.373, 1.980332080544616
2.374, 1.9805243838833662
2.375, 1.9807164277034404
2.376, 1.9809082123550665
2.3770000000000002, 1.9810997381879996
2.378, 1.9812910055515225
2.379, 1.9814820147944467
2.38, 1.9816727662651135
2.3810000000000002, 1.9818632603113933
2.382, 1.9820534972806876
2.383, 1.9822434775199287
2.384, 1.9824332013755812
2.3850000000000002, 1.9826226691936417
2.386, 1.98281188131964
2.387, 1.9830008380986397
2.388, 1.9831895398752386
2.3890000000000002, 1.9833779869935695
2.39, 1.9835661797973008
2.390625, 1.983754118629637
2.391, 1.983754118629637
2.392, 1.9839418038333196
2.3930000000000002, 1.9841292357506275
2.394, 1.9843164147233776
2.395, 1.9845033410929256
2.396, 1.9846900152001665
2.3970000000000002, 1.9848764373855352
2.398, 1.9850626079890075
2.399, 1.9852485273500997
2.4, 1.9854341958078707
2.4010000000000002, 1.9856196137009214
2.402, 1.9858047813673958
2.403, 1.9859896991449815
2.404, 1.9861743673709105
2.4050000000000002, 1.9863587863819596
2.406, 1.9865429565144515
2.40625, 1.9867268781042544
2.407, 1.9867268781042544
2.408, 1.9869105514867835
2.4090000000000003, 1.9870939769970017
2.41, 1.9872771549694193
2.411, 1.9874600857380953
2.412, 1.9876427696366383
2.4130000000000003, 1.987825206998206
2.414, 1.9880073981555073
2.415, 1.9881893434408013
2.416, 1.9883710431858994
2.4170000000000003, 1.9885524977221647
2.418, 1.9887337073805131
2.419, 1.9889146724914144
2.42, 1.989095393384892
2.4210000000000003, 1.9892758703905242
2.421875, 1.9894561038374445
2.422, 1.9894561038374445
2.423, 1.9896360940543418
2.424, 1.989815841369462
2.4250000000000003, 1.9899953461106077
2.426, 1.990174608605139
2.427, 1.9903536291799748
2.428, 1.990532408161592
2.4290000000000003, 1.9907109458760277
2.43, 1.9908892426488785
2.431, 1.9910672988053015
2.432, 1.9912451146700156
2.433, 1.991422690567301
2.434, 1.9916000268210001
2.435, 1.991777123754519
2.436, 1.9919539816908265
2.437, 1.9921306009524562
2.4375, 1.992306981861506
2.438, 1.992306981861506
2.439, 1.9924831247396395
2.44, 1.992659029908086
2.441, 1.992834697687641
2.442, 1.9930101283986676
2.443, 1.9931853223610965
2.444, 1.993360279894426
2.445, 1.9935350013177244
2.446, 1.9937094869496281
2.447, 1.9938837371083444
2.448, 1.994057752111651
2.449, 1.9942315322768962
2.45, 1.9944050779210007
2.451, 1.9945783893604574
2.452, 1.9947514669113318
2.453, 1.9949243108892631
2.453125, 1.9950969216094645
2.454, 1.9950969216094645
2.455, 1.9952692993867236
2.456, 1.9954414445354034
2.457, 1.9956133573694426
2.458, 1.995785038202356
2.459, 1.995956487347236
2.46, 1.9961277051167516
2.461, 1.9962986918231507
2.462, 1.996469447778259
2.463, 1.9966399732934819
2.464, 1.9968102686798044
2.465, 1.9969803342477916
2.466, 1.99715017030759
2.467, 1.997319777168927
2.468, 1.9974891551411127
2.46875, 1.997658304533039
2.469, 1.997658304533039
2.47, 1.997827225653181
2.471, 1.9979959188095984
2.472, 1.9981643843099341
2.473, 1.9983326224614166
2.474, 1.9985006335708593
2.475, 1.9986684179446617
2.476, 1.9988359758888097
2.477, 1.9990033077088767
2.478, 1.9991704137100232
2.479, 1.999337294196998
2.48, 1.999503949474139
2.481, 1.9996703798453728
2.482, 1.9998365856142162
2.483, 2.0000025670837767
2.484, 2.000168324556752
2.484375, 2.000333858335432
2.485, 2.000333858335432
2.486, 2.000499168721698
2.487, 2.000664256017024
2.488, 2.000829120522478
2.489, 2.000993762538721
2.49, 2.001158182366008
2.491, 2.001322380304189
2.492, 2.0014863566527104
2.493, 2.001650111710613
2.494, 2.0018136457765343
2.495, 2.0019769591487098
2.496, 2.0021400521249713
2.497, 2.0023029250027493
2.498, 2.0024655780790726
2.499, 2.0026280116505695
2.5, 2.002790226013468
2.501, 2.002952221463596
2.5020000000000002, 2.0031139982963824
2.503, 2.0032755568068574
2.504, 2.003436897289653
2.505, 2.0035980200390036
2.5060000000000002, 2.0037589253487464
2.507, 2.003919613512322
2.508, 2.0040800848227756
2.509, 2.0042403395727564
2.5100000000000002, 2.0044003780545183
2.511, 2.0045602005599217
2.512, 2.0047198073804324
2.513, 2.0048791988071235
2.5140000000000002, 2.0050383751306744
2.515, 2.005197336641373
2.515625, 2.005356083629115
2.516, 2.005356083629115
2.517, 2.0055146163834054
2.5180000000000002, 2.0056729351933584
2.519, 2.0058310403476973
2.52, 2.0059889321347564
2.521, 2.006146610842481
2.5220000000000002, 2.006304076758427
2.523, 2.006461330169763
2.524, 2.00661837136327
2.525, 2.0067752006253414
2.5260000000000002, 2.006931818241985
2.527, 2.007088224498822
2.528, 2.007244419681089
2.529, 2.007400404073636
2.5300000000000002, 2.0075561779609297
2.531, 2.007711741627053
2.53125, 2.0078670953557056
2.532, 2.0078670953557056
2.533, 2.008022239430203
2.5340000000000003, 2.00817717413348
2.535, 2.0083318997480886
2.536, 2.0084864165561997
2.537, 2.0086407248396037
2.5380000000000003, 2.00879482487971
2.539, 2.0089487169575486
2.54, 2.009102401353771
2.541, 2.009255878348649
2.5420000000000003, 2.0094091482220766
2.543, 2.0095622112535696
2.544, 2.0097150677222673
2.545, 2.0098677179069315
2.5460000000000003, 2.0100201620859486
2.546875, 2.0101724005373285
2.547, 2.0101724005373285
2.548, 2.0103244335387065
2.549, 2.010476261367343
2.5500000000000003, 2.0106278843001246
2.551, 2.0107793026135634
2.552, 2.0109305165837994
2.553, 2.011081526486599
2.5540000000000003, 2.0112323325973573
2.555, 2.011382935191097
2.556, 2.0115333345424697
2.557, 2.0116835309257572
2.5580000000000003, 2.01183352461487
2.559, 2.01198331588335
2.56, 2.012132905004369
2.561, 2.0122822922507306
2.562, 2.0124314778948706
2.5625, 2.0125804622088563
2.563, 2.0125804622088563
2.564, 2.0127292454643886
2.565, 2.0128778279328015
2.566, 2.0130262098850626
2.567, 2.0131743915917744
2.568, 2.0133223733231733
2.569, 2.0134701553491317
2.57, 2.0136177379391578
2.571, 2.0137651213623955
2.572, 2.0139123058876263
2.573, 2.0140592917832683
2.574, 2.0142060793173777
2.575, 2.014352668757649
2.576, 2.0144990603714152
2.577, 2.014645254425649
2.578, 2.0147912511869617
2.578125, 2.014937050921606
2.579, 2.014937050921606
2.58, 2.0150826538954747
2.581, 2.015228060374102
2.582, 2.015373270622664
2.583, 2.015518284905978
2.584, 2.015663103488505
2.585, 2.0158077266343484
2.586, 2.0159521546072554
2.587, 2.0160963876706175
2.588, 2.01624042608747
2.589, 2.0163842701204944
2.59, 2.0165279200320163
2.591, 2.016671376084009
2.592, 2.0168146385380905
2.593, 2.0169577076555267
2.59375, 2.017100583697231
2.594, 2.017100583697231
2.595, 2.0172432669237645
2.596, 2.0173857575953362
2.597, 2.0175280559718045
2.598, 2.017670162312677
2.599, 2.017812076877111
2.6, 2.0179537999239145
2.601, 2.0180953317115455
2.602, 2.0182366724981136
2.603, 2.01837782254138
2.604, 2.018518782098758
2.605, 2.0186595514273136
2.606, 2.0188001307837657
2.607, 2.0189405204244872
2.608, 2.019080720605505
2.609, 2.0192207315824993
2.609375, 2.019360553610807
2.61, 2.019360553610807
2.611, 2.019500186945419
2.612, 2.0196396318409833
2.613, 2.019778888551803
2.614, 2.0199179573318387
2.615, 2.0200568384347086
2.616, 2.020195532113688
2.617, 2.0203340386217103
2.618, 2.0204723582113684
2.619, 2.0206104911349136
2.62, 2.020748437644257
2.621, 2.02088619799097
2.622, 2.0210237724262834
2.623, 2.0211611612010905
2.624, 2.0212983645659452
2.625, 2.021435382771063
2.626, 2.0215722160663225
2.6270000000000002, 2.0217088647012647
2.628, 2.0218453289250933
2.629, 2.021981608986677
2.63, 2.022117705134547
2.6310000000000002, 2.0222536176169004
2.632, 2.022389346681599
2.633, 2.0225248925761696
2.634, 2.0226602555478057
2.6350000000000002, 2.0227954358433666
2.636, 2.0229304337093788
2.637, 2.023065249392036
2.638, 2.0231998831372
2.6390000000000002, 2.0233343351903996
2.64, 2.0234686057968343
2.640625, 2.023602695201371
2.641, 2.023602695201371
2.642, 2.0237366036485467
2.6430000000000002, 2.023870331382568
2.644, 2.0240038786473127
2.645, 2.024137245686329
2.646, 2.0242704327428367
2.6470000000000002, 2.024403440059727
2.648, 2.0245362678795633
2.649, 2.024668916444582
2.65, 2.0248013859966925
2.6510000000000002, 2.0249336767774775
2.652, 2.025065789028194
2.653, 2.0251977229897733
2.654, 2.0253294789028216
2.6550000000000002, 2.02546105700762
2.656, 2.0255924575441258
2.65625, 2.0257236807519723
2.657, 2.0257236807519723
2.658, 2.0258547268704694
2.6590000000000003, 2.025985596138604
2.66, 2.0261162887950412
2.661, 2.026246805078123
2.662, 2.0263771452258696
2.6630000000000003, 2.026507309475981
2.664, 2.0266372980658356
2.665, 2.026767111232492
2.666, 2.026896749212689
2.6670000000000003, 2.0270262122428453
2.668, 2.0271555005590605
2.669, 2.027284614397116
2.67, 2.0274135539924756
2.6710000000000003, 2.027542319580284
2.671875, 2.027670911395369
2.672, 2.027670911395369
2.673, 2.0277993296722423
2.674, 2.027927574645098
2.6750000000000003, 2.0280556465478154
2.676, 2.0281835456139565
2.677, 2.0283112720767695
2.678, 2.0284388261691872
2.6790000000000003, 2.0285662081238285
2.68, 2.028693418172998
2.681, 2.028820456548687
2.682, 2.0289473234825732
2.6830000000000003, 2.0290740192060226
2.684, 2.029200543950088
2.685, 2.029326897945511
2.686, 2.0294530814227216
2.6870000000000003, 2.029579094611839
2.6875, 2.029704937742671
2.688, 2.029704937742671
2.689, 2.029830611044716
2.69, 2.0299561147471636
2.691, 2.0300814490788928
2.692, 2.0302066142684736
2.693, 2.0303316105441684
2.694, 2.0304564381339314
2.695, 2.0305810972654084
2.696, 2.030705588165939
2.697, 2.030829911062555
2.698, 2.0309540661819825
2.699, 2.0310780537506417
2.7, 2.0312018739946467
2.701, 2.031325527139807
2.702, 2.031449013411627
2.703, 2.031572333035307
2.703125, 2.0316954862357433
2.704, 2.0316954862357433
2.705, 2.031818473237528
2.706, 2.0319412942649517
2.707, 2.032063949542001
2.708, 2.0321864392923605
2.709, 2.032308763739413
2.71, 2.0324309231062405
2.711, 2.0325529176156225
2.712, 2.0326747474900393
2.713, 2.03279641295167
2.714, 2.0329179142223945
2.715, 2.0330392515237925
2.716, 2.0331604250771456
2.717, 2.033281435103436
2.718, 2.0334022818233484
2.71875, 2.033522965457269
2.719, 2.033522965457269
2.72, 2.033643486225287
2.721, 2.033763844347194
2.722, 2.033884040042486
2.723, 2.0340040735303617
2.724, 2.034123945029725
2.725, 2.0342436547591833
2.726, 2.03436320293705
2.727, 2.0344825897813434
2.728, 2.0346018155097876
2.729, 2.0347208803398127
2.73, 2.0348397844885557
2.731, 2.0349585281728606
2.732, 2.0350771116092785
2.733, 2.035195535014068
2.734, 2.035313798603197
2.734375, 2.03543190259234
2.735, 2.03543190259234
2.736, 2.0355498471968825
2.737, 2.035667632631918
2.738, 2.035785259112251
2.739, 2.0359027268523944
2.74, 2.0360200360665726
2.741, 2.0361371869687206
2.742, 2.0362541797724854
2.743, 2.0363710146912246
2.744, 2.036487691938009
2.745, 2.0366042117256207
2.746, 2.0367205742665555
2.747, 2.0368367797730222
2.748, 2.0369528284569434
2.749, 2.037068720529955
2.75, 2.037184456203408
2.751, 2.0373000356883675
2.7520000000000002, 2.0374154591956146
2.753, 2.0375307269356453
2.754, 2.037645839118672
2.755, 2.0377607959546227
2.7560000000000002, 2.0378755976531435
2.757, 2.0379902444235958
2.758, 2.0381047364750597
2.759, 2.038219074016333
2.7600000000000002, 2.038333257255931
2.761, 2.038447286402088
2.762, 2.038561161662758
2.763, 2.038674883245613
2.7640000000000002, 2.038788451358046
2.765, 2.038901866207169
2.765625, 2.039015127999816
2.766, 2.039015127999816
2.767, 2.03912823694254
2.7680000000000002, 2.039241193241617
2.769, 2.039353997103043
2.77, 2.0394666487325375
2.771, 2.0395791483355414
2.7720000000000002, 2.039691496117219
2.773, 2.0398036922824567
2.774, 2.0399157370358654
2.775, 2.04002763058178
2.7760000000000002, 2.0401393731242585
2.777, 2.040250964867085
2.778, 2.0403624060137666
2.779, 2.040473696767538
2.7800000000000002, 2.0405848373313584
2.781, 2.0406958279079133
2.78125, 2.0408066686996142
2.782, 2.0408066686996142
2.783, 2.0409173599086006
2.7840000000000003, 2.041027901736738
2.785, 2.04113829438562
2.786, 2.0412485380565686
2.787, 2.041358632950633
2.7880000000000003, 2.0414685792685923
2.789, 2.0415783772109535
2.79, 2.0416880269779543
2.791, 2.041797528769561
2.7920000000000003, 2.04190688278547
2.793, 2.04201608922511
2.794, 2.0421251482876377
2.795, 2.0422340601719435
2.7960000000000003, 2.0423428250766484
2.796875, 2.0424514432001057
2.797, 2.0424514432001057
2.798, 2.0425599147404006
2.799, 2.0426682398953506
2.8000000000000003, 2.0427764188625073
2.801, 2.042884451839155
2.802, 2.042992339022312
2.803, 2.0431000806087303
2.8040000000000003, 2.0432076767948972
2.805, 2.043315127777034
2.806, 2.0434224337510978
2.807, 2.043529594912781
2.8080000000000003, 2.043636611457512
2.809, 2.0437434835804553
2.81, 2.043850211476512
2.811, 2.04395679534032
2.8120000000000003, 2.0440632353662553
2.8125, 2.044169531748431
2.813, 2.044169531748431
2.814, 2.044275684680698
2.815, 2.0443816943566464
2.816, 2.0444875609696043
2.817, 2.044593284712639
2.818, 2.0446988657785576
2.819, 2.044804304359907
2.82, 2.0449096006489738
2.821, 2.0450147548377853
2.822, 2.04511976711811
2.823, 2.045224637681457
2.824, 2.045329366719078
2.825, 2.045433954421965
2.826, 2.0455384009808535
2.827, 2.0456427065862215
2.828, 2.0457468714282894
2.828125, 2.045850895697021
2.829, 2.045850895697021
2.83, 2.0459547795821242
2.831, 2.0460585232730506
2.832, 2.0461621269589956
2.833, 2.0462655908289005
2.834, 2.0463689150714504
2.835, 2.0464720998750763
2.836, 2.0465751454279553
2.837, 2.04667805191801
2.838, 2.046780819532909
2.839, 2.046883448460069
2.84, 2.0469859388866523
2.841, 2.04708829099957
2.842, 2.0471905049854793
2.843, 2.0472925810307867
2.84375, 2.047394519321647
2.844, 2.047394519321647
2.845, 2.047496320043964
2.846, 2.0475979833833895
2.847, 2.047699509525326
2.848, 2.047800898654925
2.849, 2.047902150957089
2.85, 2.0480032666164703
2.851, 2.0481042458174716
2.852, 2.0482050887442473
2.853, 2.0483057955807036
2.854, 2.048406366510498
2.855, 2.0485068017170405
2.856, 2.0486071013834932
2.857, 2.048707265692771
2.858, 2.0488072948275424
2.859, 2.048907188970229
2.859375, 2.0490069483030067
2.86, 2.0490069483030067
2.861, 2.049106573007805
2.862, 2.0492060632663076
2.863, 2.0493054192599542
2.864, 2.0494046411699385
2.865, 2.0495037291772102
2.866, 2.049602683462475
2.867, 2.0497015042061943
2.868, 2.049800191588586
2.869, 2.049898745789625
2.87, 2.049997166989043
2.871, 2.0500954553663293
2.872, 2.0501936111007315
2.873, 2.0502916343712547
2.874, 2.0503895253566626
2.875, 2.0504872842354773
2.876, 2.0505849111859806
2.8770000000000002, 2.0506824063862132
2.878, 2.050779770013976
2.879, 2.0508770022468297
2.88, 2.050974103262095
2.8810000000000002, 2.051071073236854
2.882, 2.051167912347949
2.883, 2.0512646207719847
2.884, 2.051361198685327
2.8850000000000002, 2.0514576462641028
2.886, 2.051553963684203
2.887, 2.05165015112128
2.888, 2.0517462087507496
2.8890000000000002, 2.051842136747791
2.89, 2.0519379352873464
2.890625, 2.0520336045441225
2.891, 2.0520336045441225
2.892, 2.05212914469259
2.8930000000000002, 2.0522245559069834
2.894, 2.0523198383613037
2.895, 2.0524149922293162
2.896, 2.052510017684551
2.8970000000000002, 2.0526049149003054
2.898, 2.0526996840496414
2.899, 2.052794325305389
2.9, 2.0528888388401434
2.9010000000000002, 2.052983224826268
2.902, 2.053077483435893
2.903, 2.0531716148409167
2.904, 2.053265619213005
2.9050000000000002, 2.0533594967235924
2.906, 2.0534532475438825
2.90625, 2.053546871844847
2.907, 2.053546871844847
2.908, 2.0536403697972268
2.9090000000000003, 2.0537337415715333
2.91, 2.0538269873380472
2.911, 2.053918948808399
2.912, 2.0540083025491356
2.9130000000000003, 2.0540937824298746
2.914, 2.0541741911794036
2.915, 2.0542484107560655
2.916, 2.0543154113771283
2.9170000000000003, 2.054374241916794
2.918, 2.0544240464343635
2.919, 2.054464070388074
2.92, 2.054493665034298
2.9210000000000003, 2.0545122901164197
2.921875, 2.054519460049479
2.922, 2.054519460049479
2.923, 2.054514781836789
2.924, 2.0544979558416254
2.9250000000000003, 2.0544687754988327
2.926, 2.0544271266260012
2.927, 2.0543729701654434
2.928, 2.054306404976979
2.9290000000000003, 2.054231044170454
2.93, 2.0541532165166503
2.931, 2.0540744273374125
2.932, 2.053994862060019
2.9330000000000003, 2.053914613133684
2.934, 2.053833764369165
2.935, 2.0537523961196675
2.936, 2.053670368094245
2.9370000000000003, 2.053587743367242
2.9375, 2.05350459716184
2.938, 2.05350459716184
2.939, 2.0534210013150895
2.94, 2.053337022826334
2.9410000000000003, 2.053252498123699
2.942, 2.0531674607203243
2.943, 2.0530819613283624
2.944, 2.0529960487655963
2.945, 2.0529097679801733
2.946, 2.0528230688381073
2.947, 2.052735974479583
2.948, 2.052648523556801
2.949, 2.052560770780808
2.95, 2.052472820412278
2.951, 2.052384951800266
2.952, 2.052297201769377
2.953, 2.052209570159582
2.953125, 2.052122056811069
2.954, 2.052122056811069
2.955, 2.0520346615642406
2.956, 2.051947384259716
2.957, 2.051860224738328
2.958, 2.0517731828411256
2.959, 2.051686258409372
2.96, 2.0515994512845435
2.961, 2.0515127613083313
2.962, 2.0514261883226403
2.963, 2.051339732169589
2.964, 2.0512533926915077
2.965, 2.051167169730941
2.966, 2.0510810631306446
2.967, 2.0509950727335875
2.968, 2.0509091983829504
2.96875, 2.0508234399221252
2.969, 2.0508234399221252
2.97, 2.0507377971947154
2.971, 2.0506522700445355
2.972, 2.050566858315611
2.973, 2.0504815618521777
2.974, 2.0503963804986816
2.975, 2.0503113140997784
2.976, 2.050226362500334
2.977, 2.050141525545423
2.978, 2.05005680308033
2.979, 2.049972194950547
2.98, 2.049887701001776
2.981, 2.049803321079927
2.982, 2.0497190550311166
2.983, 2.0496349027016705
2.984, 2.049550863938121
2.984375, 2.0494669385872077
2.985, 2.0494669385872077
2.986, 2.0493831264958775
2.987, 2.0492994275112832
2.988, 2.049215841480784
2.989, 2.0491323682519456
2.99, 2.0490490076725387
2.991, 2.0489657595905397
2.992, 2.0488826238541304
2.993, 2.0487996003116975
2.994, 2.048716688811832
2.995, 2.04863388920333
2.996, 2.0485512013351896
2.997, 2.048468625056615
2.998, 2.048386160217013
2.999, 2.0483038066659933
3.0, 2.048221564253369
3.001, 2.048139432829156
3.0020000000000002, 2.048057412243572
3.003, 2.0479755023470374
3.004, 2.0478937029901743
3.005, 2.047812014023806
3.0060000000000002, 2.0477304352989583
3.007, 2.0476489666668565
3.008, 2.0475676079789276
3.009, 2.0474863590867987
3.0100000000000002, 2.0474052198422976
3.011, 2.0473241900974517
3.012, 2.047243269704488
3.013, 2.0471624585158334
3.0140000000000002, 2.0470817563841135
3.015, 2.047001163162153
3.015625, 2.0469206787029752
3.016, 2.0469206787029752
3.017, 2.0468403028598017
3.0180000000000002, 2.0467600354860522
3.019, 2.0466798764353444
3.02, 2.046599825561493
3.021, 2.0465198827185103
3.0220000000000002, 2.046440047760606
3.023, 2.046360320542186
3.024, 2.046280700917853
3.025, 2.0462011887424056
3.0260000000000002, 2.0461217838708388
3.027, 2.046042486158343
3.028, 2.0459632954603038
3.029, 2.0458842116323024
3.0300000000000002, 2.045805234530115
3.031, 2.045726364009712
3.03125, 2.045647599927258
3.032, 2.045647599927258
3.033, 2.0455689421391123
3.0340000000000003, 2.045490390501828
3.035, 2.0454119448721513
3.036, 2.045333605107022
3.037, 2.0452553710635732
3.0380000000000003, 2.0451772425991304
3.039, 2.045099219571212
3.04, 2.045021301837528
3.041, 2.0449434892559815
3.0420000000000003, 2.0448657816846665
3.043, 2.0447881789818685
3.044, 2.044710681006065
3.045, 2.044633287615924
3.0460000000000003, 2.044555998670304
3.046875, 2.0444788140282544
3.047, 2.0444788140282544
3.048, 2.0444017335490146
3.049, 2.0443247570920136
3.0500000000000003, 2.0442478845168712
3.051, 2.0441711156833957
3.052, 2.0440944504515848
3.053, 2.044017888681625
3.0540000000000003, 2.043941430233892
3.055, 2.043865074968949
3.056, 2.043788822747549
3.057, 2.043712673430631
3.0580000000000003, 2.043636626879323
3.059, 2.04356068295494
3.06, 2.0434848415189837
3.061, 2.0434091024331433
3.0620000000000003, 2.0433334655592947
3.0625, 2.0432579307595002
3.063, 2.0432579307595002
3.064, 2.0431824978960074
3.065, 2.043107166831251
3.0660000000000003, 2.0430319374278505
3.067, 2.042956809548611
3.068, 2.042881783056523
3.069, 2.042806857814762
3.0700000000000003, 2.042732033686687
3.071, 2.0426573105358434
3.072, 2.042582688225959
3.073, 2.0425081666209457
3.074, 2.0424337455849004
3.075, 2.042359424982102
3.076, 2.0422852046770137
3.077, 2.04221108453428
3.078, 2.0421370644187298
3.078125, 2.042063144195373
3.079, 2.042063144195373
3.08, 2.041989323729403
3.081, 2.041915602886194
3.082, 2.0418419815313023
3.083, 2.0417684595304655
3.084, 2.041695036749603
3.085, 2.041621713054815
3.086, 2.0415484883123813
3.087, 2.041475362388763
3.088, 2.041402335150602
3.089, 2.0413294064647194
3.09, 2.0412565761981156
3.091, 2.0411838442179717
3.092, 2.041111210391647
3.093, 2.0410386745866806
3.09375, 2.0409662366707897
3.094, 2.0409662366707897
3.095, 2.04089389651187
3.096, 2.0408216539779964
3.097, 2.0407495089374206
3.098, 2.040677461258573
3.099, 2.0406055108100616
3.1, 2.0405336574606707
3.101, 2.0404619010793628
3.102, 2.0403902415352766
3.103, 2.0403186786977274
3.104, 2.0402472124362077
3.105, 2.0401758426203846
3.106, 2.0401045691201025
3.107, 2.040033391805381
3.108, 2.0399623105464144
3.109, 2.0398913252135737
3.109375, 2.0398204356774037
3.11, 2.0398204356774037
3.111, 2.0397496418086236
3.112, 2.039678943478128
3.113, 2.039608340556985
3.114, 2.0395378329164378
3.115, 2.039467420427902
3.116, 2.0393971029629676
3.117, 2.0393268803933973
3.118, 2.0392567525911276
3.119, 2.039186719428267
3.12, 2.039116780777097
3.121, 2.039046936510072
3.122, 2.0389771864998174
3.123, 2.0389075306191313
3.124, 2.0388379687409834
3.125, 2.0387685007385143
3.126, 2.0386991264850365
3.1270000000000002, 2.038629845854033
3.128, 2.0385606587191574
3.129, 2.0384915649542346
3.13, 2.038422564433259
3.1310000000000002, 2.0383536570303953
3.132, 2.038284842619978
3.133, 2.0382161210765117
3.134, 2.0381474922746694
3.1350000000000002, 2.038078956089294
3.136, 2.0380105123953967
3.137, 2.0379421610681576
3.138, 2.037873901982926
3.1390000000000002, 2.037805735015218
3.14, 2.037737660040719
3.140625, 2.0376696769352813
3.141, 2.0376696769352813
3.142, 2.037601785574925
3.1430000000000002, 2.037533985835838
3.144, 2.037466277594375
3.145, 2.037398660727056
3.146, 2.0373311351105707
3.1470000000000002, 2.037263700621773
3.148, 2.037196357137683
3.149, 2.0371291045354885
3.15, 2.037061942692541
3.1510000000000002, 2.0369948714863586
3.152, 2.0369278907946247
3.153, 2.036861000495187
3.154, 2.0367942004660593
3.1550000000000002, 2.036727490585419
3.156, 2.036660870731608
3.15625, 2.036594340783133
3.157, 2.036594340783133
3.158, 2.0365279006186636
3.1590000000000003, 2.0364615501170342
3.16, 2.0363952891572428
3.161, 2.0363291176184495
3.162, 2.0362630353799784
3.1630000000000003, 2.0361970423213163
3.164, 2.0361311383221126
3.165, 2.036065323262179
3.166, 2.03599959702149
3.1670000000000003, 2.0359339594801806
3.168, 2.035868410518549
3.169, 2.035802950017055
3.17, 2.035737577856319
3.1710000000000003, 2.035672293917122
3.171875, 2.035607098080407
3.172, 2.035607098080407
3.173, 2.0355419902272773
3.174, 2.0354769702389968
3.1750000000000003, 2.035412037996989
3.176, 2.0353471933828384
3.177, 2.0352824362782886
3.178, 2.035217766565243
3.1790000000000003, 2.035153184125764
3.18, 2.035088688842074
3.181, 2.0350242805965535
3.182, 2.0349599592717422
3.1830000000000003, 2.034895724750338
3.184, 2.034831576915198
3.185, 2.0347675156493357
3.186, 2.034703540835924
3.1870000000000003, 2.034639652358293
3.1875, 2.0345758500999302
3.188, 2.0345758500999302
3.189, 2.0345121339444803
3.19, 2.0344485037757445
3.1910000000000003, 2.034384959477682
3.192, 2.0343215009344076
3.193, 2.034258128030193
3.194, 2.034194840649466
3.1950000000000003, 2.03413163867681
3.196, 2.0340685219969648
3.197, 2.034005490494825
3.198, 2.033942544055441
3.1990000000000003, 2.0338796825640184
3.2, 2.0338169059059177
3.201, 2.033754213966654
3.202, 2.0336916066318964
3.203, 2.0336290837874693
3.203125, 2.0335666453193504
3.204, 2.0335666453193504
3.205, 2.0335042911136716
3.206, 2.0334420210567186
3.207, 2.03337983503493
3.208, 2.0333177329348984
3.209, 2.0332557146433685
3.21, 2.033193780047239
3.211, 2.0331319290335603
3.212, 2.033070161489536
3.213, 2.0330084773025208
3.214, 2.0329468763600227
3.215, 2.032885358549701
3.216, 2.032823923759366
3.217, 2.03276257187698
3.218, 2.032701302790657
3.21875, 2.0326401163886607
3.219, 2.0326401163886607
3.22, 2.0325790125594065
3.221, 2.0325179911914604
3.222, 2.032457052173539
3.223, 2.0323961953945076
3.224, 2.0323354207433835
3.225, 2.032274728109332
3.226, 2.0322141173816695
3.227, 2.032153588449861
3.228, 2.03209314120352
3.229, 2.032032775532411
3.23, 2.0319724913264445
3.231, 2.031912288475682
3.232, 2.0318521668703324
3.233, 2.0317921264007524
3.234, 2.031732166957447
3.234375, 2.0316722884310687
3.235, 2.0316722884310687
3.236, 2.0316124907124187
3.237, 2.0315527736924444
3.238, 2.0314931372622405
3.239, 2.031433581313049
3.24, 2.031374105736259
3.241, 2.031314710423405
3.242, 2.031255395266169
3.243, 2.0311961601563784
3.244, 2.0311370049860074
3.245, 2.031077929647175
3.246, 2.031018934032147
3.247, 2.030960018033334
3.248, 2.0309011815432907
3.249, 2.0308424244547187
3.25, 2.0307837466604632
3.251, 2.0307251480535147
3.2520000000000002, 2.030666628527007
3.253, 2.0306081879742193
3.254, 2.0305498262885746
3.255, 2.030491543363639
3.2560000000000002, 2.0304333390931233
3.257, 2.030375213370881
3.258, 2.0303171660909083
3.259, 2.030259197147346
3.2600000000000002, 2.030201306434477
3.261, 2.0301434938467264
3.262, 2.0300857592786627
3.263, 2.030028102624996
3.2640000000000002, 2.029970523780578
3.265, 2.029913022640404
3.265625, 2.029855599099609
3.266, 2.029855599099609
3.267, 2.029798253053471
3.2680000000000002, 2.029740984397409
3.269, 2.029683793026982
3.27, 2.0296266788378925
3.271, 2.0295696417259808
3.2720000000000002, 2.0295126815872297
3.273, 2.0294557983177617
3.274, 2.0293989918138395
3.275, 2.029342261971866
3.2760000000000002, 2.029285608688384
3.277, 2.029229031860075
3.278, 2.029172531383761
3.279, 2.029116107156403
3.2800000000000002, 2.0290597590751007
3.281, 2.029003487037093
3.28125, 2.0289472909397577
3.282, 2.0289472909397577
3.283, 2.0288911706806103
3.2840000000000003, 2.028835126157305
3.285, 2.0287791572676346
3.286, 2.028723263909529
3.287, 2.0286674459810565
3.2880000000000003, 2.028611703380423
3.289, 2.0285560360059707
3.29, 2.0285004437561804
3.291, 2.0284449265296693
3.2920000000000003, 2.0283894842251913
3.293, 2.028334116741637
3.294, 2.028278823978033
3.295, 2.028223605833544
3.2960000000000003, 2.0281684622074683
3.296875, 2.0281133929992414
3.297, 2.0281133929992414
3.298, 2.028058398108435
3.299, 2.0280034774347544
3.3000000000000003, 2.0279486308780426
3.301, 2.0278938583382766
3.302, 2.0278391597155685
3.303, 2.0277845349101646
3.3040000000000003, 2.027729983822447
3.305, 2.0276755063529315
3.306, 2.0276211024022683
3.307, 2.0275667718712413
3.3080000000000003, 2.0275125146607693
3.309, 2.027458330671904
3.31, 2.02740421980583
3.311, 2.0273501819638673
3.3120000000000003, 2.0272962170474673
3.3125, 2.0272423249582148
3.313, 2.0272423249582148
3.314, 2.027188505597828
3.315, 2.0271347588681565
3.3160000000000003, 2.0270810846711838
3.317, 2.0270274829090247
3.318, 2.026973953483927
3.319, 2.0269204962982688
3.3200000000000003, 2.0268671112545618
3.321, 2.026813798255448
3.322, 2.0267605572037017
3.323, 2.0267073880022277
3.3240000000000003, 2.026654290554062
3.325, 2.0266012647623715
3.326, 2.026548310530454
3.327, 2.0264954277617373
3.3280000000000003, 2.02644261635978
3.328125, 2.026389876228271
3.329, 2.026389876228271
3.33, 2.026337207271028
3.331, 2.0262846093920004
3.332, 2.0262320824952655
3.333, 2.026179626485031
3.334, 2.0261272412656335
3.335, 2.0260749267415386
3.336, 2.0260226828173415
3.337, 2.0259705093977654
3.338, 2.0259184063876625
3.339, 2.025866373692013
3.34, 2.0258144112159258
3.341, 2.0257625188646378
3.342, 2.025710696543513
3.343, 2.0256589441580446
3.34375, 2.0256072616138523
3.344, 2.0256072616138523
3.345, 2.025555648816683
3.346, 2.025504105672411
3.347, 2.0254526320870387
3.348, 2.025401227966694
3.349, 2.0253498932176317
3.35, 2.0252986277462335
3.351, 2.025247431459007
3.352, 2.0251963042625865
3.353, 2.025145246063732
3.354, 2.025094256769329
3.355, 2.02504333628639
3.356, 2.0249924845220515
3.357, 2.0249417013835758
3.358, 2.02489098677835
3.359, 2.0248403406138875
3.359375, 2.0247897627978246
3.36, 2.0247897627978246
3.361, 2.024739253237924
3.362, 2.0246888118420716
3.363, 2.0246384385182785
3.364, 2.0245881331746793
3.365, 2.0245378957195332
3.366, 2.024487726061223
3.367, 2.0244376241082542
3.368, 2.0243875897692574
3.369, 2.024337622952985
3.37, 2.0242877235683134
3.371, 2.0242378915242423
3.372, 2.024188126729893
3.373, 2.0241384290945104
3.374, 2.024088798527462
3.375, 2.0240392349382366
3.376, 2.023989738236446
3.3770000000000002, 2.0239403083318237
3.378, 2.0238909451342253
3.379, 2.0238416485536277
3.38, 2.0237924185001295
3.3810000000000002, 2.0237432548839505
3.382, 2.0236941576154317
3.383, 2.023645126605035
3.384, 2.023596161763343
3.3850000000000002, 2.02354726300106
3.386, 2.023498430229009
3.387, 2.023449663358135
3.388, 2.0234009622995024
3.3890000000000002, 2.0233523269642957
3.39, 2.0233037572638195
3.390625, 2.0232552531094976
3.391, 2.0232552531094976
3.392, 2.023206814412874
3.3930000000000002, 2.0231584410856116
3.394, 2.0231101330394927
3.395, 2.0230618901864186
3.396, 2.0230137124384093
3.3970000000000002, 2.0229655997076037
3.398, 2.0229175519062594
3.399, 2.0228695689467524
3.4, 2.0228216507415766
3.4010000000000002, 2.022773797203344
3.402, 2.0227260082447858
3.403, 2.022678283778749
3.404, 2.0226306237181992
3.4050000000000002, 2.0225830279762196
3.406, 2.0225354964660105
3.40625, 2.0224880291008898
3.407, 2.0224880291008898
3.408, 2.022440625794291
3.4090000000000003, 2.0223932864597662
3.41, 2.022346011010983
3.411, 2.022298799361726
3.412, 2.0222516514258957
3.4130000000000003, 2.0222045671175093
3.414, 2.0221575463506993
3.415, 2.0221105890397153
3.416, 2.0220636950989213
3.4170000000000003, 2.0220168644427976
3.418, 2.02197009698594
3.419, 2.0219233926430595
3.42, 2.021876751328982
3.4210000000000003, 2.021830172958648
3.421875, 2.0217836574471133
3.422, 2.0217836574471133
3.423, 2.0217372047095483
3.424, 2.0216908146612376
3.4250000000000003, 2.0216444872175807
3.426, 2.0215982222940907
3.427, 2.021552019806395
3.428, 2.0215058796702343
3.4290000000000003, 2.021459801801464
3.43, 2.021413786116052
3.431, 2.021367832530081
3.432, 2.0213219409597456
3.4330000000000003, 2.0212761113213538
3.434, 2.021230343531327
3.435, 2.021184637506199
3.436, 2.0211389931626162
3.4370000000000003, 2.021093410417338
3.4375, 2.0210478891872357
3.438, 2.0210478891872357
3.439, 2.0210024293892928
3.44, 2.020957030940605
3.4410000000000003, 2.020911693758379
3.442, 2.0208664177599354
3.443, 2.0208212028627037
3.444, 2.020776048984227
3.4450000000000003, 2.0207309560421582
3.446, 2.0206859239542627
3.447, 2.0206409526384155
3.448, 2.020596042012603
3.4490000000000003, 2.0205511919949224
3.45, 2.0205064025035817
3.451, 2.0204616734568988
3.452, 2.0204170047733014
3.4530000000000003, 2.0203723963713287
3.453125, 2.0203278481696283
3.454, 2.0203278481696283
3.455, 2.0202833600869585
3.456, 2.0202389320421874
3.457, 2.0201945639542918
3.458, 2.020150255742358
3.459, 2.020106007325582
3.46, 2.020061818623269
3.461, 2.0200176895548316
3.462, 2.019973620039793
3.463, 2.0199296099977846
3.464, 2.019885659348545
3.465, 2.019841768011923
3.466, 2.0197979359078735
3.467, 2.0197541629564615
3.468, 2.0197104490778583
3.46875, 2.0196667941923434
3.469, 2.0196667941923434
3.47, 2.0196231982203043
3.471, 2.019579661082236
3.472, 2.0195361826987397
3.473, 2.0194927629905246
3.474, 2.0194494018784073
3.475, 2.01940609928331
3.476, 2.019362855126263
3.477, 2.019319669328402
3.478, 2.01927654181097
3.479, 2.019233472495316
3.48, 2.019190461302895
3.481, 2.0191475081552683
3.482, 2.0191046129741026
3.483, 2.0190617756811706
3.484, 2.0190189961983505
3.484375, 2.018976274447626
3.485, 2.018976274447626
3.486, 2.0189336103510858
3.487, 2.0188910038309245
3.488, 2.0188484548094405
3.489, 2.0188059632090383
3.49, 2.0187635289522263
3.491, 2.018721151961618
3.492, 2.018678832159931
3.493, 2.018636569469987
3.494, 2.0185943638147124
3.495, 2.018552215117137
3.496, 2.0185101233003953
3.497, 2.0184680882877246
3.498, 2.0184261100024665
3.499, 2.0183841883680658
3.5, 2.01834232330807
3.501, 2.0183005147461315
3.5020000000000002, 2.0182587626060036
3.503, 2.018217066811544
3.504, 2.0181754272867125
3.505, 2.018133843955572
3.5060000000000002, 2.018092316742287
3.507, 2.0180508455711252
3.508, 2.0180094303664564
3.509, 2.017968071052752
3.5100000000000002, 2.0179267675545853
3.511, 2.0178855197966326
3.512, 2.01784432770367
3.513, 2.017803191200577
3.5140000000000002, 2.0177621102123324
3.515, 2.017721084664018
3.515625, 2.017680114480816
3.516, 2.017680114480816
3.517, 2.0176391995880096
3.5180000000000002, 2.0175983399109834
3.519, 2.0175575353752215
3.52, 2.0175167859063095
3.521, 2.0174760914299332
3.5220000000000002, 2.0174354518718784
3.523, 2.0173948671580315
3.524, 2.0173543372143787
3.525, 2.0173138619670063
3.5260000000000002, 2.0172734413421
3.527, 2.0172330752659455
3.528, 2.0171927636649274
3.529, 2.01715250646553
3.5300000000000002, 2.017112303594337
3.531, 2.0170721549780306
3.53125, 2.017032060543393
3.532, 2.017032060543393
3.533, 2.016992020217304
3.5340000000000003, 2.0169520339267426
3.535, 2.0169121015987868
3.536, 2.016872223160612
3.537, 2.016832398539493
3.5380000000000003, 2.016792627662802
3.539, 2.0167529104580093
3.54, 2.0167132468526834
3.541, 2.01667363677449
3.5420000000000003, 2.016634080151193
3.543, 2.0165945769106535
3.544, 2.0165551269808297
3.545, 2.016515730289778
3.5460000000000003, 2.0164763867656506
3.546875, 2.0164370963366975
3.547, 2.0164370963366975
3.548, 2.016397858931265
3.549, 2.016358674477797
3.5500000000000003, 2.016319542904833
3.551, 2.0162804641410093
3.552, 2.0162414381150584
3.553, 2.016202464755809
3.5540000000000003, 2.0161635439921866
3.555, 2.016124675753211
3.556, 2.0160858599679994
3.557, 2.0160470965657638
3.5580000000000003, 2.016008385475812
3.559, 2.015969726627547
3.56, 2.0159311199504675
3.561, 2.0158925653741666
3.5620000000000003, 2.015854062828333
3.5625, 2.0158156122427497
3.563, 2.0158156122427497
3.564, 2.0157772135472958
3.565, 2.015738866671944
3.5660000000000003, 2.015700571546761
3.567, 2.015662328101909
3.568, 2.0156241362676437
3.569, 2.0155859959743156
3.5700000000000003, 2.0155479071523685
3.571, 2.01550986973234
3.572, 2.0154718836448624
3.573, 2.0154339488206605
3.5740000000000003, 2.0153960651905534
3.575, 2.015358232685453
3.576, 2.015320451236365
3.577, 2.015282720774388
3.5780000000000003, 2.0152450412307137
3.578125, 2.0152074125366255
3.579, 2.0152074125366255
3.58, 2.015169834623501
3.581, 2.0151323074228102
3.5820000000000003, 2.0150948308661145
3.583, 2.015057404885069
3.584, 2.0150200294114207
3.585, 2.0149827043770077
3.586, 2.0149454297137614
3.587, 2.0149082053537044
3.588, 2.014871031228951
3.589, 2.0148339072717074
3.59, 2.014796833414271
3.591, 2.014759809589031
3.592, 2.0147228357284677
3.593, 2.014685911765152
3.59375, 2.014649037631746
3.594, 2.014649037631746
3.595, 2.0146122132610036
3.596, 2.014575438585768
3.597, 2.014538713538974
3.598, 2.0145020380536467
3.599, 2.0144654120629015
3.6, 2.014428835499944
3.601, 2.01439230829807
3.602, 2.0143558303906657
3.603, 2.0143194017112065
3.604, 2.014283022193258
3.605, 2.0142466917704756
3.606, 2.0142104103766036
3.607, 2.0141741779454767
3.608, 2.014137994411018
3.609, 2.0141018597072398
3.609375, 2.014065773768244
3.61, 2.014065773768244
3.611, 2.0140297365282214
3.612, 2.013993747921451
3.613, 2.0139578078823015
3.614, 2.013921916345229
3.615, 2.0138860732447785
3.616, 2.0138502785155836
3.617, 2.013814532092366
3.618, 2.0137788339099356
3.619, 2.01374318390319
3.62, 2.0137075820071146
3.621, 2.0136720281567833
3.622, 2.0136365222873565
3.623, 2.0136010643340825
3.624, 2.0135656542322975
3.625, 2.0135302919174247
3.626, 2.013494977324974
3.6270000000000002, 2.0134597103905425
3.628, 2.013424491049815
3.629, 2.0133893192385623
3.63, 2.0133541948926417
3.6310000000000002, 2.0133191179479977
3.632, 2.013284088340661
3.633, 2.0132491060067483
3.634, 2.0132141708824633
3.6350000000000002, 2.013179282904095
3.636, 2.0131444420080182
3.637, 2.013109648130695
3.638, 2.0130749012086717
3.6390000000000002, 2.013040201178581
3.64, 2.0130055479771407
3.640625, 2.0129709415411545
3.641, 2.0129709415411545
3.642, 2.012936381807511
3.6430000000000002, 2.0129018687131843
3.644, 2.012867402195233
3.645, 2.0128329821908015
3.646, 2.012798608637118
3.6470000000000002, 2.0127642814714966
3.648, 2.0127300006313344
3.649, 2.0126957660541147
3.65, 2.0126615776774037
3.6510000000000002, 2.012627435438853
3.652, 2.012593339276198
3.653, 2.0125592891272577
3.654, 2.0125252849299353
3.6550000000000002, 2.012491326622218
3.656, 2.0124574141421765
3.65625, 2.012423547427965
3.657, 2.012423547427965
3.658, 2.012389726417821
3.6590000000000003, 2.012355951050066
3.66, 2.0123222212631044
3.661, 2.0122885369954235
3.662, 2.0122548981855934
3.6630000000000003, 2.012221304772268
3.664, 2.0121877566941833
3.665, 2.012154253890158
3.666, 2.0121207962990937
3.6670000000000003, 2.012087383859974
3.668, 2.0120540165118657
3.669, 2.0120206941939163
3.67, 2.011987416845357
3.6710000000000003, 2.0119541844055
3.671875, 2.01192099681374
3.672, 2.01192099681374
3.673, 2.011887854009553
3.674, 2.0118547559324975
3.6750000000000003, 2.0118217025222127
3.676, 2.0117886937184193
3.677, 2.01175572946092
3.678, 2.0117228096895983
3.6790000000000003, 2.0116899343444183
3.68, 2.0116571033654265
3.681, 2.011624316692749
3.682, 2.0115915742665935
3.6830000000000003, 2.0115588760272476
3.684, 2.0115262219150805
3.685, 2.011493611870541
3.686, 2.011461045834159
3.6870000000000003, 2.011428523746544
3.6875, 2.011396045548386
3.688, 2.011396045548386
3.689, 2.011363611180455
3.69, 2.0113312205836005
3.6910000000000003, 2.011298873698753
3.692, 2.0112665704669213
3.693, 2.0112343108291943
3.694, 2.011202094726741
3.6950000000000003, 2.0111699221008092
3.696, 2.0111377928927263
3.697, 2.0111057070438987
3.698, 2.011073664495812
3.6990000000000003, 2.01104166519003
3.7, 2.011009709068196
3.701, 2.010977796072033
3.702, 2.0109459261433416
3.7030000000000003, 2.010914099224
3.703125, 2.010882315255967
3.704, 2.010882315255967
3.705, 2.010850574181278
3.706, 2.0108188759420473
3.7070000000000003, 2.0107872204804678
3.708, 2.010755607738809
3.709, 2.0107240376594198
3.71, 2.010692510184726
3.7110000000000003, 2.0106610252572317
3.712, 2.010629582819518
3.713, 2.010598182814244
3.714, 2.0105668251841458
3.715, 2.010535509872037
3.716, 2.010504236820808
3.717, 2.010473005973427
3.718, 2.0104418172729384
3.71875, 2.010410670662464
3.719, 2.010410670662464
3.72, 2.010379566085202
3.721, 2.010348503484428
3.722, 2.010317482803493
3.723, 2.010286503985825
3.724, 2.0102555669749282
3.725, 2.0102246717143837
3.726, 2.010193818147848
3.727, 2.0101630062190536
3.728, 2.0101322358718097
3.729, 2.010101507050001
3.73, 2.010070819697587
3.731, 2.0100401737586044
3.732, 2.0100095691771642
3.733, 2.009979005897453
3.734, 2.0099484838637336
3.734375, 2.009918003020343
3.735, 2.009918003020343
3.736, 2.009887563311694
3.737, 2.0098571646822743
3.738, 2.0098268070766454
3.739, 2.009796490439445
3.74, 2.009766214715386
3.741, 2.009735979849254
3.742, 2.00970578578591
3.743, 2.00967563247029
3.744, 2.0096455198474037
3.745, 2.009615447862335
3.746, 2.009585416460242
3.747, 2.0095554255863566
3.748, 2.0095254751859857
3.749, 2.0094955652045083
3.75, 2.009465695587379
3.751, 2.009435866280124
3.7520000000000002, 2.0094060772283444
3.753, 2.0093763283777144
3.754, 2.0093466196739813
3.755, 2.009316951062966
3.7560000000000002, 2.0092873224905614
3.757, 2.0092577339027353
3.758, 2.009228185245527
3.759, 2.0091986764650493
3.7600000000000002, 2.009169207507487
3.761, 2.0091397783190983
3.762, 2.0091103888462136
3.763, 2.0090810390352356
3.7640000000000002, 2.0090517288326395
3.765, 2.0090224581849725
3.765625, 2.008993227038854
3.766, 2.008993227038854
3.767, 2.0089640353409766
3.7680000000000002, 2.0089348830381026
3.769, 2.008905770077068
3.77, 2.0088766964047795
3.771, 2.008847661968216
3.7720000000000002, 2.0088186667144283
3.773, 2.0087897105905377
3.774, 2.008760793543737
3.775, 2.0087319155212913
3.7760000000000002, 2.008703076470536
3.777, 2.008674276338877
3.778, 2.008645515073793
3.779, 2.0086167926228318
3.7800000000000002, 2.0085881089336124
3.781, 2.0085594639538256
3.78125, 2.0085308576312313
3.782, 2.0085308576312313
3.783, 2.0085022899136606
3.7840000000000003, 2.0084737607490153
3.785, 2.0084452700852666
3.786, 2.008416817870457
3.787, 2.0083884040526985
3.7880000000000003, 2.008360028580173
3.789, 2.008331691401133
3.79, 2.0083033924638998
3.791, 2.0082751317168652
3.7920000000000003, 2.008246909108491
3.793, 2.0082187245873073
3.794, 2.0081905781019147
3.795, 2.008162469600983
3.7960000000000003, 2.008134399033251
3.796875, 2.0081063663475267
3.797, 2.0081063663475267
3.798, 2.008078371492687
3.799, 2.0080504144176787
3.8000000000000003, 2.0080224950715166
3.801, 2.0079946134032842
3.802, 2.0079667693621346
3.803, 2.007938962897289
3.8040000000000003, 2.0079111939580367
3.805, 2.0078834624937363
3.806, 2.007855768453814
3.807, 2.0078281117877648
3.8080000000000003, 2.007800492445152
3.809, 2.0077729103756057
3.81, 2.0077453655288253
3.811, 2.007717857854578
3.8120000000000003, 2.007690387302698
3.8125, 2.007662953823088
3.813, 2.007662953823088
3.814, 2.007635557365717
3.815, 2.0076081978806237
3.8160000000000003, 2.0075808753179123
3.817, 2.007553589627755
3.818, 2.007526340760392
3.819, 2.0074991286661286
3.8200000000000003, 2.0074719532953393
3.821, 2.007444814598465
3.822, 2.007417712526013
3.823, 2.0073906470285574
3.8240000000000003, 2.0073636180567394
3.825, 2.007336625561267
3.826, 2.0073096694929133
3.827, 2.00728274980252
3.8280000000000003, 2.007255866440994
3.828125, 2.0072290193593076
3.829, 2.0072290193593076
3.83, 2.0072022085085006
3.831, 2.0071754338396786
3.8320000000000003, 2.007148695304013
3.833, 2.007121992852741
3.834, 2.007095326437166
3.835, 2.007068696008656
3.8360000000000003, 2.007042101518646
3.837, 2.0070155429186363
3.838, 2.006989020160192
3.839, 2.006962533194944
3.84, 2.006936081974588
3.841, 2.006909666450886
3.842, 2.006883286575664
3.843, 2.0068569423008134
3.84375, 2.0068306335782906
3.844, 2.0068306335782906
3.845, 2.0068043603601167
3.846, 2.0067781225983774
3.847, 2.0067519202452235
3.848, 2.00672575325287
3.849, 2.006699621573597
3.85, 2.006673525159748
3.851, 2.006647463963731
3.852, 2.0066214379380196
3.853, 2.0065954470351497
3.854, 2.0065694912077223
3.855, 2.006543570408402
3.856, 2.0065176845899177
3.857, 2.0064918337050615
3.858, 2.0064660177066895
3.859, 2.0064402365477214
3.859375, 2.006414490181141
3.86, 2.006414490181141
3.861, 2.006388778559994
3.862, 2.0063631016373913
3.863, 2.006337459366506
3.864, 2.0063118517005747
3.865, 2.006286278592897
3.866, 2.0062607399968355
3.867, 2.006235235865816
3.868, 2.006209766153327
3.869, 2.00618433081292
3.87, 2.006158929798208
3.871, 2.006133563062868
3.872, 2.0061082305606392
3.873, 2.0060829322453233
3.874, 2.006057668070784
3.875, 2.0060324379909464
3.876, 2.0060072419598
3.8770000000000002, 2.0059820799313948
3.878, 2.005956951859843
3.879, 2.0059318576993186
3.88, 2.0059067974040583
3.8810000000000002, 2.00588177092836
3.882, 2.005856778226583
3.883, 2.005831819253148
3.884, 2.0058068939625384
3.8850000000000002, 2.005782002309298
3.886, 2.005757144248032
3.887, 2.005732319733408
3.888, 2.0057075287201527
3.8890000000000002, 2.005682771163056
3.89, 2.005658047016967
3.890625, 2.005633356236798
3.891, 2.005633356236798
3.892, 2.0056086987775195
3.8930000000000002, 2.0055840745941644
3.894, 2.005559483641826
3.895, 2.0055349258756583
3.896, 2.0055104012508753
3.8970000000000002, 2.005485909722752
3.898, 2.005461451246623
3.899, 2.005437025777885
3.9, 2.0054126332719924
3.9010000000000002, 2.0053882736844613
3.902, 2.0053639469708675
3.903, 2.0053396530868466
3.904, 2.0053153919880944
3.9050000000000002, 2.0052911636303663
3.906, 2.0052669679694772
3.90625, 2.0052428049613016
3.907, 2.0052428049613016
3.908, 2.005218674561774
3.9090000000000003, 2.0051945767268884
3.91, 2.0051705114126976
3.911, 2.005146478575314
3.912, 2.005122478170909
3.9130000000000003, 2.0050985101557144
3.914, 2.005074574486019
3.915, 2.005050671118172
3.916, 2.005026800008581
3.9170000000000003, 2.0050029611137132
3.918, 2.004979154390093
3.919, 2.0049553797943056
3.92, 2.0049316372829926
3.9210000000000003, 2.0049079268128556
3.921875, 2.004884248340654
3.922, 2.004884248340654
3.923, 2.0048606018232054
3.924, 2.0048369872173866
3.9250000000000003, 2.0048134044801316
3.926, 2.004789853568433
3.927, 2.004766334439341
3.928, 2.0047428470499646
3.9290000000000003, 2.00471939135747
3.93, 2.0046959673190816
3.931, 2.004672574892081
3.932, 2.0046492140338072
3.9330000000000003, 2.0046258847016585
3.934, 2.0046025868530886
3.935, 2.0045793204456097
3.936, 2.004556085436792
3.9370000000000003, 2.004532881784261
3.9375, 2.004509709445701
3.938, 2.004509709445701
3.939, 2.004486568378853
3.94, 2.004463458541515
3.9410000000000003, 2.0044403798915416
3.942, 2.004417332386845
3.943, 2.0043943159853934
3.944, 2.0043713306452124
3.9450000000000003, 2.0043483763243843
3.946, 2.004325452981047
3.947, 2.0043025605733957
3.948, 2.004279699059682
3.9490000000000003, 2.0042568683982136
3.95, 2.0042340685473543
3.951, 2.0042112994655246
3.952, 2.0041885611112007
3.9530000000000003, 2.004165853442915
3.953125, 2.0041431764192557
3.954, 2.0041431764192557
3.955, 2.0041205299988674
3.956, 2.00409791414045
3.9570000000000003, 2.0040753288027586
3.958, 2.0040527739446055
3.959, 2.0040302495248574
3.96, 2.004007755502437
3.9610000000000003, 2.0039852918363223
3.962, 2.0039628584855467
3.963, 2.0039404554091984
3.964, 2.0039180825664213
3.9650000000000003, 2.003895739916415
3.966, 2.003873427418432
3.967, 2.003851145031783
3.968, 2.003828892715831
3.96875, 2.003806670429995
3.969, 2.003806670429995
3.97, 2.0037844781337486
3.971, 2.00376231578662
3.972, 2.003740183348192
3.973, 2.0037180807781017
3.974, 2.0036960080360413
3.975, 2.003673965081757
3.976, 2.0036519518750495
3.977, 2.0036299683757735
3.978, 2.003608014543838
3.979, 2.0035860903392058
3.98, 2.003564195721894
3.981, 2.0035423306519746
3.982, 2.0035204950895715
3.983, 2.0034986889948643
3.984, 2.003476912328085
3.984375, 2.00345516504952
3.985, 2.00345516504952
3.986, 2.003433447119509
3.987, 2.0034117584984457
3.988, 2.003390099146776
3.989, 2.003368469025001
3.99, 2.003346868093674
3.991, 2.003325296313401
3.992, 2.0033037536448424
3.993, 2.0032822400487107
3.994, 2.003260755485772
3.995, 2.003239299916846
3.996, 2.003217873302803
3.997, 2.003196475604569
3.998, 2.0031751067831207
3.999, 2.003153766799488
4.0, 2.003132455614754
4.001, 2.003111173190053
4.002, 2.0030899194865732
4.003, 2.0030686944655542
4.0040000000000004, 2.0030474980882884
4.005, 2.00302633031612
4.006, 2.0030051911104456
4.007, 2.002984080432714
4.008, 2.002962998244426
4.009, 2.0029419445071346
4.01, 2.002920919182444
4.011, 2.002899922232011
4.0120000000000005, 2.002878953617543
4.013, 2.0028580133008007
4.014, 2.0028371012435953
4.015, 2.0028162174077893
4.015625, 2.0027953617552976
4.016, 2.0027953617552976
4.017, 2.002774534248086
4.018, 2.0027537348481714
4.019, 2.0027329635176225
4.0200000000000005, 2.0027122202185588
4.021, 2.002691504913151
4.022, 2.002670817563621
4.023, 2.0026501581322416
4.024, 2.002629526581336
4.025, 2.0026089228732795
4.026, 2.002588346970497
4.027, 2.0025677988354644
4.0280000000000005, 2.0025472784307086
4.029, 2.0025267857188065
4.03, 2.0025063206623863
4.031, 2.002485883224126
4.03125, 2.0024654733667537
4.032, 2.0024654733667537
4.033, 2.002445091053049
4.034, 2.0024247362458403
4.035, 2.002404408908007
4.0360000000000005, 2.0023841090024783
4.037, 2.002363836492234
4.038, 2.002343591340303
4.039, 2.002323373509765
4.04, 2.002303182963748
4.041, 2.0022830196654318
4.042, 2.0022628835780445
4.043, 2.002242774664864
4.0440000000000005, 2.0022226928892186
4.045, 2.002202638214485
4.046, 2.0021826106040894
4.046875, 2.002162610021508
4.047, 2.002162610021508
4.048, 2.0021426364302664
4.049, 2.002122689793939
4.05, 2.0021027700761485
4.051, 2.0020828772405683
4.0520000000000005, 2.0020630112509203
4.053, 2.002043172070975
4.054, 2.002023359664552
4.055, 2.0020035739955193
4.056, 2.0019838150277947
4.057, 2.0019640827253435
4.058, 2.0019443770521805
4.059, 2.0019246979723686
4.0600000000000005, 2.001905045450019
4.061, 2.0018854194492923
4.062, 2.0018658199343964
4.0625, 2.001846246869588
4.063, 2.001846246869588
4.064, 2.001826700219172
4.065, 2.0018071799475017
4.066, 2.001787686018978
4.067, 2.00176821839805
4.0680000000000005, 2.0017487770492153
4.069, 2.0017293619370187
4.07, 2.001709973026053
4.071, 2.001690610280959
4.072, 2.0016712736664255
4.073, 2.001651963147188
4.074, 2.0016326786880305
4.075, 2.001613420253784
4.0760000000000005, 2.0015941878093275
4.077, 2.0015749813195867
4.078, 2.0015558007495353
4.078125, 2.001536646064194
4.079, 2.001536646064194
4.08, 2.00151751722863
4.081, 2.001498414207959
4.082, 2.0014793369673427
4.083, 2.0014602854719907
4.0840000000000005, 2.0014412596871587
4.085, 2.0014222595781495
4.086, 2.001403285110313
4.087, 2.0013843362490458
4.088, 2.001365412959791
4.089, 2.0013465152080387
4.09, 2.001327642959325
4.091, 2.0013087961792335
4.0920000000000005, 2.001289974833393
4.093, 2.0012711788874795
4.09375, 2.0012524083072147
4.094, 2.0012524083072147
4.095, 2.0012336630583674
4.096, 2.001214943106752
4.097, 2.0011962484182293
4.098, 2.001177578958706
4.099, 2.0011589346941348
4.1, 2.0011403155905145
4.101, 2.0011217216138895
4.102, 2.00110315273035
4.103, 2.0010846089060332
4.104, 2.00106609010712
4.105, 2.0010475962998386
4.106, 2.0010291274504617
4.107, 2.001010683525308
4.108, 2.0009922644907414
4.109, 2.0009738703131714
4.109375, 2.000955500959053
4.11, 2.000955500959053
4.111, 2.0009371563948863
4.112, 2.0009188365872164
4.113, 2.0009005415026335
4.114, 2.0008822711077734
4.115, 2.000864025369317
4.116, 2.000845804253989
4.117, 2.0008276077285605
4.118, 2.0008094357598463
4.119, 2.0007912883147068
4.12, 2.0007731653600467
4.121, 2.000755066862815
4.122, 2.000736992790006
4.123, 2.0007189431086583
4.124, 2.000700917785855
4.125, 2.0006829167887235
4.126, 2.0006649400844356
4.127, 2.0006469876402075
4.128, 2.0006290594232996
4.1290000000000004, 2.000611155401016
4.13, 2.0005932755407065
4.131, 2.000575419809763
4.132, 2.000557588175622
4.133, 2.0005397806057648
4.134, 2.0005219970677155
4.135, 2.000504237529043
4.136, 2.000486501957359
4.1370000000000005, 2.00046879032032
4.138, 2.0004511025856253
4.139, 2.000433438721018
4.14, 2.0004157986942843
4.140625, 2.000398182473255
4.141, 2.000398182473255
4.142, 2.000380590025803
4.143, 2.000363021319846
4.144, 2.0003454763233433
4.1450000000000005, 2.0003279550042987
4.146, 2.0003104573307593
4.147, 2.000292983270814
4.148, 2.000275532792596
4.149, 2.0002581058642814
4.15, 2.0002407024540885
4.151, 2.000223322530279
4.152, 2.000205966061158
4.1530000000000005, 2.000188633015072
4.154, 2.0001713233604113
4.155, 2.000154037065608
4.156, 2.000136774099138
4.15625, 2.000119534429519
4.157, 2.000119534429519
4.158, 2.000102318025311
4.159, 2.000085124855117
4.16, 2.0000679548875815
4.1610000000000005, 2.0000508080913924
4.162, 2.000033684435279
4.163, 2.000016583888013
4.164, 1.999999506418409
4.165, 1.9999824519953227
4.166, 1.999965420587652
4.167, 1.9999484121643374
4.168, 1.9999314266943604
4.1690000000000005, 1.999914464146745
4.17, 1.999897524490557
4.171, 1.9998806076949036
4.171875, 1.999863713728934
4.172, 1.999863713728934
4.173, 1.9998468425618388
4.174, 1.9998299941628503
4.175, 1.9998131685012426
4.176, 1.9997963655463304
4.1770000000000005, 1.999779585267471
4.178, 1.999762827634062
4.179, 1.9997460926155428
4.18, 1.9997293801813942
4.181, 1.999712690301138
4.182, 1.9996960229443368
4.183, 1.9996793780805946
4.184, 1.9996627556795565
4.1850000000000005, 1.9996461557109086
4.186, 1.9996295781443776
4.187, 1.9996130229497313
4.1875, 1.9995964900967782
4.188, 1.9995964900967782
4.189, 1.9995799795553675
4.19, 1.9995634912953892
4.191, 1.999547025286774
4.192, 1.9995305814994928
4.1930000000000005, 1.9995141599035575
4.194, 1.9994977604690203
4.195, 1.9994813831659737
4.196, 1.9994650279645505
4.197, 1.9994486948349242
4.198, 1.999432383747308
4.199, 1.999416094671956
4.2, 1.9993998275791616
4.2010000000000005, 1.9993835824392592
4.202, 1.9993673592226224
4.203, 1.9993511578996654
4.203125, 1.9993349784408418
4.204, 1.9993349784408418
4.205, 1.9993188208166457
4.206, 1.9993026849976103
4.207, 1.999286570954309
4.208, 1.9992704786573552
4.2090000000000005, 1.999254408077401
4.21, 1.9992383591851393
4.211, 1.9992223319513016
4.212, 1.9992063263466593
4.213, 1.9991903423420234
4.214, 1.999174379908244
4.215, 1.9991584390162105
4.216, 1.9991425196368517
4.2170000000000005, 1.9991266217411359
4.218, 1.99911074530007
4.21875, 1.9990948902847008
4.219, 1.9990948902847008
4.22, 1.9990790566661134
4.221, 1.9990632444154324
4.222, 1.999047453503821
4.223, 1.9990316839024818
4.224, 1.9990159355826558
4.225, 1.999000208515623
4.226, 1.9989845026727024
4.227, 1.9989688180252514
4.228, 1.998953154544666
4.229, 1.998937512202381
4.23, 1.9989218909698696
4.231, 1.9989062908186437
4.232, 1.9988907117202535
4.233, 1.9988751536462874
4.234, 1.9988596165683725
4.234375, 1.9988441004581743
4.235, 1.9988441004581743
4.236, 1.998828605287396
4.237, 1.9988131310277792
4.238, 1.998797677651104
4.239, 1.9987822451291881
4.24, 1.9987668334338875
4.241, 1.998751442537096
4.242, 1.9987360724107457
4.243, 1.998720723026806
4.244, 1.9987053943572846
4.245, 1.9986900863742267
4.246, 1.9986747990497156
4.247, 1.9986595323558718
4.248, 1.9986442862648537
4.249, 1.998629060748857
4.25, 1.9986138557801156
4.251, 1.9985986713309
4.252, 1.998583507373519
4.253, 1.9985683638803178
4.2540000000000004, 1.9985532408236797
4.255, 1.9985381381760248
4.256, 1.9985230559098108
4.257, 1.9985079939975323
4.258, 1.9984929524117212
4.259, 1.998477931124946
4.26, 1.9984629301098131
4.261, 1.998447949338965
4.2620000000000005, 1.9984329887850818
4.263, 1.9984180484208798
4.264, 1.9984031282191126
4.265, 1.9983882281525704
4.265625, 1.9983733481940804
4.266, 1.9983733481940804
4.267, 1.998358488316506
4.268, 1.9983436484927475
4.269, 1.9983288286957417
4.2700000000000005, 1.998314028898462
4.271, 1.998299249073918
4.272, 1.998284489195156
4.273, 1.998269749235259
4.274, 1.9982550291673455
4.275, 1.998240328964571
4.276, 1.9982256486001266
4.277, 1.9982109880472403
4.2780000000000005, 1.9981963472791757
4.279, 1.9981817262692327
4.28, 1.9981671249907471
4.281, 1.9981525434170908
4.28125, 1.9981379815216715
4.282, 1.9981379815216715
4.283, 1.998123439277933
4.284, 1.9981089166593546
4.285, 1.9980944136394518
4.2860000000000005, 1.9980799301917758
4.287, 1.9980654662899129
4.288, 1.9980510219074858
4.289, 1.9980365970181524
4.29, 1.9980221915956062
4.291, 1.9980078056135764
4.292, 1.9979934390458272
4.293, 1.9979790918661586
4.2940000000000005, 1.997964764048406
4.295, 1.9979504555664398
4.296, 1.9979361663941657
4.296875, 1.997921896505525
4.297, 1.997921896505525
4.298, 1.9979076458744938
4.299, 1.9978934144750835
4.3, 1.9978792022813403
4.301, 1.9978650092673458
4.3020000000000005, 1.9978508354072164
4.303, 1.9978366806751033
4.304, 1.9978225450451927
4.305, 1.997808428491706
4.306, 1.9977943309888986
4.307, 1.9977802525110613
4.308, 1.9977661930325192
4.309, 1.9977521525276325
4.3100000000000005, 1.9977381309707956
4.311, 1.9977241283364375
4.312, 1.997710144599022
4.3125, 1.9976961797330468
4.313, 1.9976961797330468
4.314, 1.9976822337130447
4.315, 1.9976683065135823
4.316, 1.997654398109261
4.317, 1.997640508474716
4.3180000000000005, 1.997626637584617
4.319, 1.997612785413668
4.32, 1.997598951936607
4.321, 1.997585137128206
4.322, 1.9975713409632712
4.323, 1.9975575634166425
4.324, 1.9975438044631941
4.325, 1.9975300640778342
4.3260000000000005, 1.9975163422355042
4.327, 1.9975026389111803
4.328, 1.9974889540798715
4.328125, 1.9974752877166213
4.329, 1.9974752877166213
4.33, 1.9974616397965064
4.331, 1.9974480102946373
4.332, 1.9974343991861578
4.333, 1.997420806446246
4.3340000000000005, 1.9974072320501126
4.335, 1.9973936759730024
4.336, 1.9973801381901932
4.337, 1.9973666186769965
4.338, 1.9973531174087569
4.339, 1.9973396343608523
4.34, 1.997326169508694
4.341, 1.9973127228277259
4.3420000000000005, 1.9972992942934258
4.343, 1.9972858838813043
4.34375, 1.9972724915669051
4.344, 1.9972724915669051
4.345, 1.9972591173258045
4.346, 1.9972457611336123
4.347, 1.997232422965971
4.348, 1.997219102798556
4.349, 1.9972058006070754
4.3500000000000005, 1.9971925163672701
4.351, 1.9971792500549141
4.352, 1.9971660016458137
4.353, 1.9971527711158077
4.354, 1.997139558440768
4.355, 1.997126363596599
4.356, 1.997113186559237
4.357, 1.9971000273046517
4.358, 1.9970868858088444
4.359, 1.9970737620478491
4.359375, 1.9970606559977324
4.36, 1.9970606559977324
4.361, 1.997047567634593
4.362, 1.9970344969345617
4.363, 1.9970214438738016
4.364, 1.9970084084285082
4.365, 1.996995390574909
4.366, 1.9969823902892632
4.367, 1.9969694075478626
4.368, 1.9969564423270307
4.369, 1.996943494603123
4.37, 1.996930564352527
4.371, 1.9969176515516618
4.372, 1.9969047561769786
4.373, 1.9968918782049603
4.374, 1.9968790176121216
4.375, 1.9968661743750087
4.376, 1.9968533484701996
4.377, 1.9968405398743039
4.378, 1.9968277485639625
4.3790000000000004, 1.9968149745158483
4.38, 1.9968022177066655
4.381, 1.9967894781131497
4.382, 1.9967767557120677
4.383, 1.996764050480218
4.384, 1.9967513623944302
4.385, 1.9967386914315652
4.386, 1.9967260375685152
4.3870000000000005, 1.9967134007822034
4.388, 1.9967007810495843
4.389, 1.9966881783476433
4.39, 1.9966755926533974
4.390625, 1.996663023943894
4.391, 1.996663023943894
4.392, 1.996650472196212
4.393, 1.9966379373874605
4.394, 1.9966254194947803
4.3950000000000005, 1.9966129184953425
4.396, 1.9966004343663493
4.397, 1.9965879670850335
4.398, 1.996575516628659
4.399, 1.9965630829745196
4.4, 1.9965506660999406
4.401, 1.9965382659822772
4.402, 1.9965258825989158
4.4030000000000005, 1.9965135159272729
4.404, 1.9965011659447953
4.405, 1.9964888326289607
4.406, 1.996476515957277
4.40625, 1.9964642159072827
4.407, 1.9964642159072827
4.408, 1.9964519324565462
4.409, 1.9964396655826662
4.41, 1.9964274152632717
4.4110000000000005, 1.9964151814760223
4.412, 1.9964029641986072
4.413, 1.9963907634087459
4.414, 1.9963785790841881
4.415, 1.9963664112027135
4.416, 1.9963542597421315
4.417, 1.9963421246802817
4.418, 1.9963300059950335
4.4190000000000005, 1.9963179036642864
4.42, 1.9963058176659694
4.421, 1.9962937479780416
4.421875, 1.9962816945784916
4.422, 1.9962816945784916
4.423, 1.9962696574453376
4.424, 1.9962576365566278
4.425, 1.99624563189044
4.426, 1.9962336434248813
4.4270000000000005, 1.9962216711380885
4.428, 1.9962097150082279
4.429, 1.9961977750134954
4.43, 1.996185851132116
4.431, 1.9961739433423444
4.432, 1.9961620516224647
4.433, 1.99615017595079
4.434, 1.9961383163056627
4.4350000000000005, 1.9961264726654546
4.436, 1.9961146450085665
4.437, 1.9961028333134287
4.4375, 1.9960910375585004
4.438, 1.9960910375585004
4.439, 1.9960792577222695
4.44, 1.9960674937832534
4.441, 1.9960557457199986
4.442, 1.9960440135110802
4.4430000000000005, 1.9960322971351023
4.444, 1.9960205965706979
4.445, 1.9960089117965287
4.446, 1.9959972427912858
4.447, 1.9959855895336882
4.448, 1.9959739520024842
4.449, 1.9959623301764504
4.45, 1.9959507240343923
4.4510000000000005, 1.995939133555144
4.452, 1.995927558717568
4.453, 1.9959159995005558
4.453125, 1.9959044558830266
4.454, 1.9959044558830266
4.455, 1.9958929278439286
4.456, 1.9958814153622384
4.457, 1.9958699184169606
4.458, 1.9958584369871286
4.4590000000000005, 1.9958469710518039
4.46, 1.995835520590076
4.461, 1.995824085581063
4.462, 1.9958126660039108
4.463, 1.995801261837794
4.464, 1.995789873061915
4.465, 1.9957784996555041
4.466, 1.9957671415978198
4.4670000000000005, 1.9957557988681485
4.468, 1.9957444714458048
4.46875, 1.9957331593101308
4.469, 1.9957331593101308
4.47, 1.9957218624404969
4.471, 1.9957105808163011
4.472, 1.9956993144169692
4.473, 1.995688063221955
4.474, 1.9956768272107397
4.4750000000000005, 1.9956656063628324
4.476, 1.99565440065777
4.477, 1.9956432100751162
4.478, 1.9956320345944636
4.479, 1.995620874195431
4.48, 1.995609728857666
4.481, 1.9955985985608424
4.482, 1.9955874832846623
4.483, 1.9955763830088549
4.484, 1.9955652977131768
4.484375, 1.995554227377412
4.485, 1.995554227377412
4.486, 1.9955431719813717
4.487, 1.995532131504894
4.488, 1.9955211059278448
4.489, 1.9955100952301168
4.49, 1.99549909939163
4.491, 1.9954881183923314
4.492, 1.9954771522121952
4.493, 1.9954662008312225
4.494, 1.9954552642294414
4.495, 1.995444342386907
4.496, 1.9954334352837013
4.497, 1.995422542899933
4.498, 1.995411665215738
4.499, 1.9954008022112788
4.5, 1.9953899538667446
4.501, 1.9953791201623514
4.502, 1.995368301078342
4.503, 1.9953574965949858
4.5040000000000004, 1.995346706692579
4.505, 1.9953359313514438
4.506, 1.9953251705519297
4.507, 1.995314424274412
4.508, 1.9953036924992933
4.509, 1.9952929752070019
4.51, 1.995282272377993
4.511, 1.995271583992748
4.5120000000000005, 1.9952609100317744
4.513, 1.9952502504756067
4.514, 1.9952396053048047
4.515, 1.9952289744999554
4.515625, 1.9952183580416714
4.516, 1.9952183580416714
4.517, 1.9952077559105914
4.518, 1.9951971680873806
4.519, 1.99518659455273
4.5200000000000005, 1.995176035287357
4.521, 1.995165490272005
4.522, 1.995154959487443
4.523, 1.9951444429144658
4.524, 1.9951339405338948
4.525, 1.995123452326577
4.526, 1.9951129782733852
4.527, 1.9951025183552178
4.5280000000000005, 1.9950920725529995
4.529, 1.9950816408476801
4.53, 1.995071223220236
4.531, 1.995060819651668
4.53125, 1.9950504301230036
4.532, 1.9950504301230036
4.533, 1.9950400546152958
4.534, 1.9950296931096225
4.535, 1.995019345587088
4.5360000000000005, 1.995009012028821
4.537, 1.994998692415977
4.538, 1.994988386729736
4.539, 1.9949780949513036
4.54, 1.9949678170619112
4.541, 1.9949575530428147
4.542, 1.994947302875296
4.543, 1.9949370665406618
4.5440000000000005, 1.9949268440202446
4.545, 1.9949166352954013
4.546, 1.9949064403475147
4.546875, 1.9948962591579924
4.547, 1.9948962591579924
4.548, 1.994886091708267
4.549, 1.9948759379797962
4.55, 1.994865797954063
4.551, 1.994855671612575
4.5520000000000005, 1.9948455589368648
4.553, 1.9948354599084903
4.554, 1.994825374509034
4.555, 1.9948153027201034
4.556, 1.9948052445233306
4.557, 1.9947951999003726
4.558, 1.994785168832911
4.559, 1.9947751513026526
4.5600000000000005, 1.9947651472913284
4.561, 1.9947551567806943
4.562, 1.9947451797525306
4.5625, 1.9947352161886425
4.563, 1.9947352161886425
4.564, 1.9947252660708594
4.565, 1.9947153293810356
4.566, 1.9947054061010496
4.567, 1.9946954962128045
4.5680000000000005, 1.9946855996982278
4.569, 1.9946757165392712
4.57, 1.994665846717911
4.571, 1.9946559902161478
4.572, 1.9946461470160064
4.573, 1.994636317099536
4.574, 1.9946265004488097
4.575, 1.9946166970459254
4.5760000000000005, 1.9946069068730043
4.577, 1.9945971299121925
4.578, 1.9945873661456597
4.578125, 1.9945776155556
4.579, 1.9945776155556
4.58, 1.9945678781242315
4.581, 1.994558153833796
4.582, 1.9945484426665594
4.583, 1.9945387446048115
4.5840000000000005, 1.9945290596308662
4.585, 1.9945193877270613
4.586, 1.994509728875758
4.587, 1.994500083059342
4.588, 1.994490450260222
4.589, 1.994480830460831
4.59, 1.9944712236436253
4.591, 1.994461629791085
4.5920000000000005, 1.9944520488857145
4.593, 1.9944424809100407
4.59375, 1.9944329258466147
4.594, 1.9944329258466147
4.595, 1.9944233836780112
4.596, 1.9944138543868282
4.597, 1.9944043379556873
4.598, 1.9943948343672335
4.599, 1.9943853436041352
4.6000000000000005, 1.9943758656490844
4.601, 1.994366400484796
4.602, 1.9943569480940089
4.603, 1.9943475084594844
4.604, 1.994338081564008
4.605, 1.9943286673903877
4.606, 1.9943192659214553
4.607, 1.9943098771400651
4.6080000000000005, 1.9943005010290953
4.609, 1.9942911375714467
4.609375, 1.994281786750043
4.61, 1.994281786750043
4.611, 1.9942724485478318
4.612, 1.9942631229477827
4.613, 1.9942538099328888
4.614, 1.9942445094861663
4.615, 1.9942352215906538
4.616, 1.9942259462294132
4.617, 1.9942166833855293
4.618, 1.9942074330421093
4.619, 1.9941981951822838
4.62, 1.9941889697892057
4.621, 1.9941797568460509
4.622, 1.9941705563360177
4.623, 1.9941613682423274
4.624, 1.9941521925482235
4.625, 1.9941430292369728
4.626, 1.994133878291864
4.627, 1.994124739696209
4.628, 1.9941156134333415
4.6290000000000004, 1.9941064994866182
4.63, 1.9940973978394183
4.631, 1.994088308475143
4.632, 1.9940792313772162
4.633, 1.9940701665290843
4.634, 1.9940611139142157
4.635, 1.9940520735161014
4.636, 1.9940430453182543
4.6370000000000005, 1.99403402930421
4.638, 1.994025025457526
4.639, 1.9940160337617823
4.64, 1.9940070542005808
4.640625, 1.9939980867575455
4.641, 1.9939980867575455
4.642, 1.9939891314163227
4.643, 1.9939801881605805
4.644, 1.9939712569740096
4.6450000000000005, 1.993962337840322
4.646, 1.9939534307432518
4.647, 1.9939445356665557
4.648, 1.9939356525940117
4.649, 1.99392678150942
4.65, 1.9939179223966021
4.651, 1.9939090752394022
4.652, 1.9939002400216856
4.6530000000000005, 1.9938914167273398
4.654, 1.9938826053402738
4.655, 1.9938738058444185
4.656, 1.9938650182237263
4.65625, 1.9938562424621713
4.657, 1.9938562424621713
4.658, 1.9938474785437492
4.659, 1.9938387264524775
4.66, 1.9938299861723952
4.6610000000000005, 1.9938212576875625
4.662, 1.9938125409820615
4.663, 1.993803836039996
4.664, 1.9937951428454903
4.665, 1.9937864613826912
4.666, 1.9937777916357664
4.667, 1.993769133588905
4.668, 1.9937604872263173
4.6690000000000005, 1.993751852532235
4.67, 1.9937432294909114
4.671, 1.9937346180866207
4.671875, 1.9937260183036583
4.672, 1.9937260183036583
4.673, 1.9937174301263407
4.674, 1.9937088535390062
4.675, 1.9937002885260136
4.676, 1.993691735071743
4.6770000000000005, 1.9936831931605954
4.678, 1.9936746627769932
4.679, 1.9936661439053798
4.68, 1.9936576365302192
4.681, 1.9936491406359969
4.682, 1.9936406562072186
4.683, 1.9936321832284118
4.684, 1.9936237216841244
4.6850000000000005, 1.993615271558925
4.686, 1.9936068328374035
4.687, 1.99359840550417
4.6875, 1.9935899895438558
4.688, 1.9935899895438558
4.689, 1.993581584941113
4.69, 1.993573191680614
4.691, 1.9935648097470524
4.692, 1.993556439125142
4.6930000000000005, 1.9935480797996172
4.694, 1.9935397317552337
4.695, 1.993531394976767
4.696, 1.9935230694490136
4.697, 1.9935147551567902
4.698, 1.9935064520849342
4.699, 1.9934981602183033
4.7, 1.9934898795417757
4.7010000000000005, 1.9934816100402502
4.702, 1.9934733516986458
4.703, 1.9934651045019018
4.703125, 1.993456868434978
4.704, 1.993456868434978
4.705, 1.9934486434828544
4.706, 1.9934404296305313
4.707, 1.9934322268630291
4.708, 1.9934240351653887
4.7090000000000005, 1.9934158545226708
4.71, 1.9934076849199565
4.711, 1.9933995263423472
4.712, 1.993391378774964
4.713, 1.9933832422029485
4.714, 1.993375116611462
4.715, 1.993367001985686
4.716, 1.993358898310822
4.7170000000000005, 1.9933508055720912
4.718, 1.9933427237547354
4.71875, 1.9933346528440157
4.719, 1.9933346528440157
4.72, 1.9933265928252133
4.721, 1.9933185436836292
4.722, 1.9933105054045843
4.723, 1.9933024779734194
4.724, 1.993294461375495
4.7250000000000005, 1.9932864555961913
4.726, 1.9932784606209082
4.727, 1.9932704764350655
4.728, 1.9932625030241025
4.729, 1.993254540373478
4.73, 1.993246588468671
4.731, 1.9932386472951795
4.732, 1.9932307168385213
4.7330000000000005, 1.9932227970842338
4.734, 1.9932148880178737
4.734375, 1.9932069896250175
4.735, 1.9932069896250175
4.736, 1.993199101891261
4.737, 1.9931912248022192
4.738, 1.9931833583435272
4.739, 1.9931755025008389
4.74, 1.9931676572598276
4.741, 1.993159822606186
4.742, 1.9931519985256263
4.743, 1.9931441850038798
4.744, 1.993136382026697
4.745, 1.9931285895798478
4.746, 1.9931208076491211
4.747, 1.9931130362203253
4.748, 1.9931052752792877
4.749, 1.9930975248118548
4.75, 1.993089784803892
4.751, 1.993082055241284
4.752, 1.9930743361099346
4.753, 1.9930666273957665
4.7540000000000004, 1.9930589290847214
4.755, 1.9930512411627601
4.756, 1.9930435636158623
4.757, 1.9930358964300263
4.758, 1.9930282395912697
4.759, 1.9930205930856288
4.76, 1.993012956899159
4.761, 1.993005331017934
4.7620000000000005, 1.9929977154280467
4.763, 1.9929901101156087
4.764, 1.9929825150667502
4.765, 1.99297493026762
4.765625, 1.9929673557043863
4.766, 1.9929673557043863
4.767, 1.9929597913632353
4.768, 1.9929522372303718
4.769, 1.9929446932920196
4.7700000000000005, 1.992937159534421
4.771, 1.9929296359438367
4.772, 1.9929221225065459
4.773, 1.9929146192088467
4.774, 1.9929071260370552
4.775, 1.9928996429775065
4.776, 1.9928921700165536
4.777, 1.9928847071405682
4.7780000000000005, 1.9928772543359405
4.779, 1.9928698115890788
4.78, 1.99286237888641
4.781, 1.992854956214379
4.78125, 1.992847543559449
4.782, 1.992847543559449
4.783, 1.9928401409081022
4.784, 1.9928327482468382
4.785, 1.992825365562175
4.7860000000000005, 1.992817992840649
4.787, 1.9928106300688149
4.788, 1.992803277233245
4.789, 1.99279593432053
4.79, 1.9927886013172789
4.791, 1.9927812782101184
4.792, 1.9927739649856937
4.793, 1.9927666616306676
4.7940000000000005, 1.9927593681317213
4.795, 1.9927520844755535
4.796, 1.9927448106488812
4.796875, 1.9927375466384394
4.797, 1.9927375466384394
4.798, 1.9927302924309804
4.799, 1.9927230480132752
4.8, 1.9927158133721121
4.801, 1.9927085884942974
4.8020000000000005, 1.9927013733666552
4.803, 1.9926941679760273
4.804, 1.9926869723092735
4.805, 1.992679786353271
4.806, 1.992672610094915
4.807, 1.9926654435211182
4.808, 1.992658286618811
4.809, 1.9926511393749413
4.8100000000000005, 1.992644001776475
4.811, 1.9926368738103954
4.812, 1.9926297554637031
4.8125, 1.9926226467234167
4.813, 1.9926226467234167
4.814, 1.9926155475765719
4.815, 1.9926084580102221
4.816, 1.9926013780114382
4.817, 1.9925943075673087
4.8180000000000005, 1.992587246664939
4.819, 1.9925801952914526
4.82, 1.9925731534339897
4.821, 1.992566121079708
4.822, 1.9925590982157833
4.823, 1.9925520848294076
4.824, 1.992545080907791
4.825, 1.99253808643816
4.8260000000000005, 1.9925311014077596
4.827, 1.9925241258038509
4.828, 1.9925171596137126
4.828125, 1.9925102028246406
4.829, 1.9925102028246406
4.83, 1.9925032554239481
4.831, 1.992496317398965
4.832, 1.9924893887370385
4.833, 1.992482469425533
4.8340000000000005, 1.9924755594518297
4.835, 1.9924686588033271
4.836, 1.9924617674674405
4.837, 1.9924548854316024
4.838, 1.9924480126832622
4.839, 1.992441149209886
4.84, 1.9924342949989569
4.841, 1.992427450037975
4.8420000000000005, 1.9924206143144574
4.843, 1.9924137878159378
4.84375, 1.9924069705299667
4.844, 1.9924069705299667
4.845, 1.9924001624441117
4.846, 1.992393363545957
4.847, 1.9923865738231032
4.848, 1.9923797932631684
4.849, 1.9923730218537867
4.8500000000000005, 1.9923662595826095
4.851, 1.9923595064373043
4.852, 1.9923527624055555
4.853, 1.9923460274750642
4.854, 1.9923393016335478
4.855, 1.9923325848687405
4.856, 1.9923258771683934
4.857, 1.9923191785202734
4.8580000000000005, 1.9923124889121644
4.859, 1.9923058083318665
4.859375, 1.9922991367671965
4.86, 1.9922991367671965
4.861, 1.9922924742059875
4.862, 1.9922858206360894
4.863, 1.9922791760453678
4.864, 1.9922725404217052
4.865, 1.9922659137530003
4.866, 1.9922592960271683
4.867, 1.9922526872321404
4.868, 1.992246087355864
4.869, 1.9922394963863035
4.87, 1.9922329143114386
4.871, 1.9922263411192658
4.872, 1.9922197767977976
4.873, 1.992213221335063
4.874, 1.9922066747191067
4.875, 1.9922001369379898
4.876, 1.9921936079797893
4.877, 1.9921870878325985
4.878, 1.9921805764845266
4.8790000000000004, 1.9921740739236993
4.88, 1.9921675801382577
4.881, 1.992161095116359
4.882, 1.992154618846177
4.883, 1.9921481513159007
4.884, 1.9921416925137354
4.885, 1.9921352424279024
4.886, 1.9921288010466387
4.8870000000000005, 1.992122368358197
4.888, 1.9921159443508465
4.889, 1.9921095290128716
4.89, 1.9921031223325727
4.890625, 1.9920967242982661
4.891, 1.9920967242982661
4.892, 1.992090334898284
4.893, 1.9920839541209736
4.894, 1.992077581954699
4.8950000000000005, 1.9920712183878388
4.896, 1.9920648634087883
4.897, 1.992058517005958
4.898, 1.9920521791677737
4.899, 1.9920458498826774
4.9, 1.9920395291391264
4.901, 1.9920332169255937
4.902, 1.9920269132305677
4.9030000000000005, 1.9920206180425526
4.904, 1.992014331350068
4.905, 1.9920080531416489
4.906, 1.9920017834058457
4.90625, 1.9919955221312242
4.907, 1.9919955221312242
4.908, 1.991989269306366
4.909, 1.9919830249198682
4.91, 1.9919767889603426
4.9110000000000005, 1.991970561416417
4.912, 1.9919643422767341
4.913, 1.9919581315299524
4.914, 1.9919519291647452
4.915, 1.9919457351698013
4.916, 1.991939549533825
4.917, 1.9919333722455357
4.918, 1.9919272032936677
4.9190000000000005, 1.991921042666971
4.92, 1.9919148903542103
4.921, 1.991908746344166
4.921875, 1.9919026106256332
4.922, 1.9919026106256332
4.923, 1.9918964831874224
4.924, 1.991890364018359
4.925, 1.9918842531072836
4.926, 1.9918781504430516
4.9270000000000005, 1.991872056014534
4.928, 1.9918659698106163
4.929, 1.991859891820199
4.93, 1.991853822032198
4.931, 1.9918477604355438
4.932, 1.991841707019182
4.933, 1.9918356617720732
4.934, 1.9918296246831924
4.9350000000000005, 1.99182359574153
4.936, 1.9918175749360914
4.937, 1.991811562255896
4.9375, 1.9918055576899791
4.938, 1.9918055576899791
4.939, 1.99179956122739
4.94, 1.991793572857193
4.941, 1.9917875925684672
4.942, 1.9917816203503065
4.9430000000000005, 1.9917756561918194
4.944, 1.9917697000821293
4.945, 1.991763752010374
4.946, 1.991757811965706
4.947, 1.9917518799372926
4.948, 1.9917459559143158
4.949, 1.991740039885972
4.95, 1.9917341318414719
4.9510000000000005, 1.9917282317700413
4.952, 1.9917223396609203
4.953, 1.9917164555033635
4.953125, 1.9917105792866403
4.954, 1.9917105792866403
4.955, 1.991704711000034
4.956, 1.991698850632843
4.957, 1.9916929981743796
4.958, 1.9916871536139709
4.9590000000000005, 1.991681316940958
4.96, 1.9916754881446967
4.961, 1.9916696672145573
4.962, 1.991663854139924
4.963, 1.991658048910196
4.964, 1.991652251514786
4.965, 1.9916464619431216
4.966, 1.9916406801846442
4.9670000000000005, 1.99163490622881
4.968, 1.9916291400650887
4.96875, 1.991623381682965
4.969, 1.991623381682965
4.97, 1.9916176310719371
4.971, 1.9916118882215181
4.972, 1.9916061531212346
4.973, 1.9916004257606275
4.974, 1.991594706129252
4.9750000000000005, 1.9915889942166773
4.976, 1.9915832900124868
4.977, 1.9915775935062776
4.978, 1.991571904687661
4.979, 1.9915662235462626
4.98, 1.9915605500717217
4.981, 1.9915548842536916
4.982, 1.9915492260818397
4.9830000000000005, 1.9915435755458473
4.984, 1.9915379326354095
4.984375, 1.9915322973402354
4.985, 1.9915322973402354
4.986, 1.991526669650048
4.987, 1.9915210495545843
4.988, 1.9915154370435948
4.989, 1.9915098321068443
4.99, 1.991504234734111
4.9910000000000005, 1.991498644915187
4.992, 1.9914930626398784
4.993, 1.9914874878980047
4.994, 1.9914819206793992
4.995, 1.9914763609739095
4.996, 1.991470808771396
4.997, 1.9914652640617334
4.998, 1.99145972683481
4.999, 1.9914541970805275
5.0, 1.9914486747888014
