0.0, 0.0
0.001, 0.0
0.002, 0.0
0.003, 0.0
0.004, 0.0
0.005, 0.0
0.006, 0.0
0.007, 0.0
0.008, 0.0
0.009000000000000001, 0.0
0.01, 0.0
0.011, 0.0
0.012, 0.0
0.013000000000000001, 0.0
0.014, 0.0
0.015, 0.0
0.015625, 0.0
0.016, 0.0
0.017, 0.0
0.018000000000000002, 0.0
0.019, 0.0
0.02, 0.0
0.021, 0.0
0.022, 0.0
0.023, 0.0
0.024, 0.0
0.025, 0.0
0.026000000000000002, 0.0
0.027, 0.0
0.028, 0.0
0.029, 0.0
0.03, 0.0
0.031, 0.0
0.03125, 0.0
0.032, 0.0
0.033, 0.0
0.034, 0.0
0.035, 0.0
0.036000000000000004, 0.0
0.037, 0.0
0.038, 0.0
0.039, 0.0
0.04, 0.0
0.041, 0.0
0.042, 0.0
0.043000000000000003, 0.0
0.044, 0.0
0.045, 0.0
0.046, 0.0
0.046875, 0.0
0.047, 0.0
0.048, 0.0
0.049, 0.0
0.05, 0.0
0.051000000000000004, 0.0
0.052000000000000005, 0.0
0.053, 0.0
0.054, 0.0
0.055, 0.0
0.056, 0.0
0.057, 0.0
0.058, 0.0
0.059000000000000004, 0.0
0.06, 0.0
0.061, 0.0
0.062, 0.0
0.0625, 0.0
0.063, 0.0
0.064, 0.0
0.065, 0.0
0.066, 0.0
0.067, 0.0
0.068, 0.0
0.069, 0.0
0.07, 0.0
0.07100000000000001, 0.0
0.07200000000000001, 0.0
0.073, 0.0
0.074, 0.0
0.075, 0.0
0.076, 0.0
0.077, 0.0
0.078, 0.0
0.078125, 0.0
0.079, 0.0
0.08, 0.0
0.081, 0.0
0.082, 0.0
0.083, 0.0
0.084, 0.0
0.085, 0.0
0.08600000000000001, 0.0
0.08700000000000001, 0.0
0.088, 0.0
0.089, 0.0
0.09, 0.0
0.091, 0.0
0.092, 0.0
0.093, 0.0
0.09375, 0.0
0.094, 0.0
0.095, 0.0
0.096, 0.0
0.097, 0.0
0.098, 0.0
0.099, 0.0
0.1, 0.0
0.101, 0.0
0.10200000000000001, 0.0
0.10300000000000001, 0.0
0.10400000000000001, 0.0
0.105, 0.0
0.106, 0.0
0.107, 0.0
0.108, 0.0
0.109, 0.0
0.109375, 0.0
0.11, 0.0
0.111, 0.0
0.112, 0.0
0.113, 0.0
0.114, 0.0
0.115, 0.0
0.116, 0.0
0.117, 0.0
0.11800000000000001, 0.0
0.11900000000000001, 0.0
0.12, 0.0
0.121, 0.0
0.122, 0.0
0.123, 0.0
0.124, 0.0
0.125, 0.0
0.126, 0.0
0.127, 0.0
0.128, 0.0
0.129, 0.0
0.13, 0.0
0.131, 0.0
0.132, 0.0
0.133, 0.0
0.134, 0.0
0.135, 0.0
0.136, 0.0
0.137, 0.0
0.138, 0.0
0.139, 0.0
0.14, 0.0
0.140625, 0.0
0.14100000000000001, 0.0
0.14200000000000002, 0.0
0.14300000000000002, 0.0
0.14400000000000002, 0.0
0.145, 0.0
0.146, 0.0
0.147, 0.0
0.148, 0.0
0.149, 0.0
0.15, 0.0
0.151, 0.0
0.152, 0.0
0.153, 0.0
0.154, 0.0
0.155, 0.0
0.156, 0.0
0.15625, 0.0
0.157, 0.0
0.158, 0.0
0.159, 0.0
0.16, 0.0
0.161, 0.0
0.162, 0.0
0.163, 0.0
0.164, 0.0
0.165, 0.0
0.166, 0.0
0.167, 0.0
0.168, 0.0
0.169, 0.0
0.17, 0.0
0.171, 0.0
0.171875, 0.0
0.17200000000000001, 0.0
0.17300000000000001, 0.0
0.17400000000000002, 0.0
0.17500000000000002, 0.0
0.176, 0.0
0.177, 0.0
0.178, 0.0
0.179, 0.0
0.18, 0.0
0.181, 0.0
0.182, 0.0
0.183, 0.0
0.184, 0.0
0.185, 0.0
0.186, 0.0
0.187, 0.0
0.1875, 0.0
0.188, 0.0
0.189, 0.0
0.19, 0.0
0.191, 0.0
0.192, 0.0
0.193, 0.0
0.194, 0.0
0.195, 0.0
0.196, 0.0
0.197, 0.0
0.198, 0.0
0.199, 0.0
0.2, 0.0
0.201, 0.0
0.202, 0.0
0.203, 0.0
0.203125, 0.0
0.20400000000000001, 0.0
0.20500000000000002, 9.316303289562114e-05
0.20600000000000002, 0.0004272879571736766
0.20700000000000002, 0.0010274495034511522
0.20800000000000002, 0.0018489115412390449
0.209, 0.00264387515558742
0.21, 0.0034093971773822007
0.211, 0.0041464567405341685
0.212, 0.004862169414001432
0.213, 0.0055624403876483935
0.214, 0.006252011750744489
0.215, 0.006934620106503761
0.216, 0.007610797789972893
0.217, 0.008283325792688409
0.218, 0.008954357943845257
0.21875, 0.009625527943067539
0.219, 0.009625527943067539
0.22, 0.01029806892695932
0.221, 0.010972868315557988
0.222, 0.011650738703092389
0.223, 0.012332284066892798
0.224, 0.013017945262699638
0.225, 0.013708039902289115
0.226, 0.014403037007244124
0.227, 0.015103218278993287
0.228, 0.015808783651087184
0.229, 0.01651986971948301
0.23, 0.01723656543133652
0.231, 0.01795873147761894
0.232, 0.018686501333429154
0.233, 0.01941999119027607
0.234, 0.02015928144517927
0.234375, 0.020904424142854594
0.23500000000000001, 0.020904424142854594
0.23600000000000002, 0.021656424126262504
0.23700000000000002, 0.022415363376508277
0.23800000000000002, 0.02318123480658964
0.23900000000000002, 0.02395401180920194
0.24, 0.024733657268203084
0.241, 0.025520845496625564
0.242, 0.026315588400960425
0.243, 0.027117828036768134
0.244, 0.027927487814928556
0.245, 0.028744480172550584
0.246, 0.029569443472785787
0.247, 0.030402373569225753
0.248, 0.031243180137686906
0.249, 0.032091749645738646
0.25, 0.032947955911063906
0.251, 0.033812329499710664
0.252, 0.034684841791391065
0.253, 0.035565363240212096
0.254, 0.036453731464945974
0.255, 0.03734976586321621
0.256, 0.03825315792640576
0.257, 0.03916367990705869
0.258, 0.040081170505541046
0.259, 0.04100547675581644
0.26, 0.04193643697655321
0.261, 0.04287395870445419
0.262, 0.043817901596607735
0.263, 0.04476811952393743
0.264, 0.04572445062821895
0.265, 0.04668671396901239
0.265625, 0.04765490209440746
0.266, 0.04765490209440746
0.267, 0.04862885439054122
0.268, 0.04960838643622071
0.269, 0.05059330110329476
0.27, 0.05158339144792673
0.271, 0.05257649169680861
0.272, 0.05357236466308345
0.273, 0.054571038084883484
0.274, 0.055572563871196974
0.275, 0.05657699237786794
0.276, 0.05758448419495553
0.277, 0.05859509671693577
0.278, 0.05960887281874083
0.279, 0.06062584963266016
0.28, 0.06164605921259464
0.281, 0.06266958023865854
0.28125, 0.06369641793194414
0.28200000000000003, 0.06369641793194414
0.28300000000000003, 0.06472656787761519
0.28400000000000003, 0.06576002124397022
0.28500000000000003, 0.06679676535525625
0.28600000000000003, 0.0678361098126019
0.28700000000000003, 0.06887806854956963
0.28800000000000003, 0.06992271795214054
0.289, 0.07097013759017808
0.29, 0.07202040476484879
0.291, 0.07307372956894027
0.292, 0.07413020119303593
0.293, 0.07518989489078773
0.294, 0.07625287951257723
0.295, 0.0773192177713345
0.296, 0.0783888814608651
0.296875, 0.07946191812531317
0.297, 0.07946191812531317
0.298, 0.08053837525749863
0.299, 0.08161829314587546
0.3, 0.08270170420980429
0.301, 0.08378862008161503
0.302, 0.08487907330912497
0.303, 0.08597309387514757
0.304, 0.08707070497723819
0.305, 0.0881719225369496
0.306, 0.0892771223774713
0.307, 0.09038634016398903
0.308, 0.09149957755051975
0.309, 0.092616826292419
0.31, 0.09373807014836269
0.311, 0.09486320760314519
0.312, 0.09599222381350724
0.3125, 0.09712510715102653
0.313, 0.09712510715102653
0.314, 0.0982618393463703
0.315, 0.09940239466336738
0.316, 0.1005466142670272
0.317, 0.10169448151315696
0.318, 0.10284598576487894
0.319, 0.10400111012482971
0.32, 0.10515983052214009
0.321, 0.10632262532913299
0.322, 0.10748949953709507
0.323, 0.10866041839709813
0.324, 0.10983533718852828
0.325, 0.11101420352551619
0.326, 0.11219686851319809
0.327, 0.11338330781504091
0.328, 0.11457350237645135
0.328125, 0.1157674268609591
0.329, 0.1157674268609591
0.33, 0.11696504878558915
0.331, 0.11816603310982465
0.332, 0.11937037530024693
0.333, 0.12057808703872083
0.334, 0.12178917375759732
0.335, 0.12300363310414518
0.336, 0.12422196395312349
0.337, 0.12544419226907444
0.338, 0.1266703074400038
0.339, 0.1279002878873301
0.34, 0.12913410282383259
0.341, 0.13037156589316104
0.342, 0.1316126695844122
0.343, 0.13285741092171605
0.34375, 0.13410577794160108
0.34400000000000003, 0.13410577794160108
0.34500000000000003, 0.1353577489696396
0.34600000000000003, 0.1366129177296462
0.34700000000000003, 0.13787131044430387
0.34800000000000003, 0.13913297046460202
0.34900000000000003, 0.14039793212735105
0.35000000000000003, 0.1416662193365771
0.35100000000000003, 0.14293656751595923
0.352, 0.1442090775775546
0.353, 0.14548391663517157
0.354, 0.14676124347795677
0.355, 0.14804120426087553
0.356, 0.1493240890561992
0.357, 0.15061005332381613
0.358, 0.15189923126838295
0.359, 0.1531917416580776
0.359375, 0.1544876884412585
0.36, 0.1544876884412585
0.361, 0.15578708992428836
0.362, 0.15709006372022433
0.363, 0.15839672007856087
0.364, 0.15970715395143356
0.365, 0.16102144495610993
0.366, 0.16233949004330073
0.367, 0.16366133355727755
0.368, 0.16498701780251804
0.369, 0.16631657191123275
0.37, 0.16765001167479437
0.371, 0.16898742906430392
0.372, 0.170328883545252
0.373, 0.1716744217463002
0.374, 0.17302407694327143
0.375, 0.17437786942764594
0.376, 0.1757355552464576
0.377, 0.17709713285337866
0.378, 0.17846260839340336
0.379, 0.1798319780082324
0.38, 0.18120522708664474
0.381, 0.18258200876634303
0.382, 0.1839623592155873
0.383, 0.18534632891035982
0.384, 0.18673395827371664
0.385, 0.18812527650403352
0.386, 0.1895181042144449
0.387, 0.19091252473521333
0.388, 0.19230873809509325
0.389, 0.1937069406843847
0.39, 0.1951073186946507
0.390625, 0.1965099677893155
0.391, 0.1965099677893155
0.392, 0.19791507324238294
0.393, 0.19932281332206797
0.394, 0.2007333536781139
0.395, 0.20214684721287607
0.396, 0.20356325064474737
0.397, 0.20498270570850827
0.398, 0.20640535177501076
0.399, 0.20783131495719537
0.4, 0.2092607079714072
0.401, 0.21069319658761465
0.402, 0.21212887173224335
0.403, 0.2135678377158667
0.404, 0.2150101882267224
0.405, 0.21645600546721377
0.406, 0.21790492018567265
0.40625, 0.2193570188531684
0.40700000000000003, 0.2193570188531684
0.40800000000000003, 0.220812403502002
0.40900000000000003, 0.2222711658132653
0.41000000000000003, 0.2237333861039937
0.41100000000000003, 0.2251986046368433
0.41200000000000003, 0.22666691429403463
0.41300000000000003, 0.22813842853644944
0.41400000000000003, 0.22961325195433807
0.41500000000000004, 0.231091479004038
0.41600000000000004, 0.23257186000307292
0.417, 0.2340544988545878
0.418, 0.2355395577234683
0.419, 0.23702719072094808
0.42, 0.23851754079890033
0.421, 0.24000939236199845
0.421875, 0.24150291695435822
0.422, 0.24150291695435822
0.423, 0.24299834275289559
0.424, 0.24449588869507013
0.425, 0.2459957612988338
0.426, 0.24749799932221211
0.427, 0.24900280848536127
0.428, 0.2505103890724638
0.429, 0.2520209274408709
0.43, 0.25353459594067124
0.431, 0.2550510059567607
0.432, 0.256570304875664
0.433, 0.25809265387018454
0.434, 0.259618201171058
0.435, 0.26114708114159235
0.436, 0.26267893121135455
0.437, 0.26421387820787323
0.4375, 0.2657520629346081
0.438, 0.2657520629346081
0.439, 0.2672936142042294
0.44, 0.26883864796783435
0.441, 0.27038550376471915
0.442, 0.2719343260747117
0.443, 0.27348533815804815
0.444, 0.2750387544013963
0.445, 0.27659477632125695
0.446, 0.27815340217370627
0.447, 0.2797148323552227
0.448, 0.2812792638437599
0.449, 0.28284688002682234
0.45, 0.28441785065641173
0.451, 0.28599190389164153
0.452, 0.2875691991469721
0.453, 0.28914990596553003
0.453125, 0.29073418194486395
0.454, 0.29073418194486395
0.455, 0.2923221721118582
0.456, 0.2939132593677248
0.457, 0.29550756437525766
0.458, 0.29710523403745487
0.459, 0.29870640443312496
0.46, 0.3003111994858556
0.461, 0.30191965348988764
0.462, 0.3035318955401851
0.463, 0.3051480479331103
0.464, 0.30676822125182723
0.465, 0.3083925147779117
0.466, 0.3100205473875436
0.467, 0.3116524342195708
0.468, 0.31328830512571876
0.46875, 0.3149282803580811
0.46900000000000003, 0.3149282803580811
0.47000000000000003, 0.31657246986266513
0.47100000000000003, 0.3182190910306879
0.47200000000000003, 0.31986827825217656
0.47300000000000003, 0.3215202397257975
0.47400000000000003, 0.32317517426115916
0.47500000000000003, 0.3248332677850213
0.47600000000000003, 0.32649445030982543
0.47700000000000004, 0.3281589237568444
0.47800000000000004, 0.3298268871456154
0.47900000000000004, 0.33149852444971545
0.48, 0.3331740045771949
0.481, 0.3348529010226532
0.482, 0.3365353971705806
0.483, 0.33822168952257836
0.484, 0.339911960781737
0.484375, 0.341606379244456
0.485, 0.341606379244456
0.486, 0.34330395942126285
0.487, 0.34500486750164744
0.488, 0.34670930568458036
0.489, 0.3484174619825161
0.49, 0.3501295087045507
0.491, 0.3518437700078317
0.492, 0.3535604239537647
0.493, 0.35527971460865115
0.494, 0.35700187369200176
0.495, 0.35872711776882754
0.496, 0.36045529361506473
0.497, 0.3621866182536707
0.498, 0.36392130954479734
0.499, 0.36565957023623763
0.5, 0.3674015879535931
0.501, 0.36914641919514646
0.502, 0.3708942462408752
0.503, 0.37264528805208486
0.504, 0.37439975058445707
0.505, 0.3761578252356382
0.506, 0.37791750680596514
0.507, 0.37967897348006047
0.508, 0.3814424867926417
0.509, 0.3832082973075937
0.51, 0.3849766410136321
0.511, 0.3867473407724098
0.512, 0.3885206284342982
0.513, 0.3902967396608516
0.514, 0.39207589573662593
0.515, 0.39385830333008304
0.515625, 0.39564317879154287
0.516, 0.39564317879154287
0.517, 0.39743070976475137
0.518, 0.39922111728425963
0.519, 0.4010146102178036
0.52, 0.4028113836535429
0.521, 0.4046098986065323
0.522, 0.4064103255013554
0.523, 0.40821290789488357
0.524, 0.4100178803209545
0.525, 0.4118254646464985
0.526, 0.41363521498521666
0.527, 0.415447349311748
0.528, 0.41726210686438353
0.529, 0.41907971453836085
0.53, 0.4209003855971381
0.531, 0.4227234473054038
0.53125, 0.42454907430022193
0.532, 0.42454907430022193
0.533, 0.42637747616496885
0.534, 0.42820885083427396
0.535, 0.43004338255603874
0.536, 0.43188052880544836
0.537, 0.4337204442729285
0.538, 0.43556331517556635
0.539, 0.43740931753899676
0.54, 0.43925861520013953
0.541, 0.44111024825032547
0.542, 0.4429643230431615
0.543, 0.44482100481712333
0.544, 0.44668045199644474
0.545, 0.4485428125053881
0.546, 0.450406873609727
0.546875, 0.4522727220704336
0.547, 0.4522727220704336
0.548, 0.4541405220277
0.549, 0.45601043550722176
0.55, 0.45788261758839893
0.551, 0.459756972828747
0.552, 0.46163365081699825
0.553, 0.46351280992301375
0.554, 0.4653946019754027
0.555, 0.4672791714876422
0.556, 0.46916593916520327
0.557, 0.4710550169927336
0.558, 0.47294655677891995
0.559, 0.47484070482923274
0.56, 0.47673759911921537
0.561, 0.4786370746588304
0.562, 0.48053927178812333
0.5625, 0.482444343872191
0.5630000000000001, 0.482444343872191
0.5640000000000001, 0.4843524367127571
0.5650000000000001, 0.4862636875034456
0.5660000000000001, 0.4881772677768196
0.5670000000000001, 0.4900932369250091
0.5680000000000001, 0.4920117117243444
0.5690000000000001, 0.49393280587350025
0.5700000000000001, 0.49585662625759414
0.5710000000000001, 0.4977825989161572
0.5720000000000001, 0.4997108226278797
0.5730000000000001, 0.5016414356616171
0.5740000000000001, 0.503574570620819
0.5750000000000001, 0.505510351845503
0.5760000000000001, 0.5074464196164102
0.577, 0.5093827689444878
0.578, 0.511319545183684
0.578125, 0.5132568988096077
0.579, 0.5132568988096077
0.58, 0.515194976427599
0.581, 0.5171336608911579
0.582, 0.5190731029078365
0.583, 0.5210134631619701
0.584, 0.5229548954266804
0.585, 0.5248975453810818
0.586, 0.5268412149275808
0.587, 0.5287860414114435
0.588, 0.5307321800457311
0.589, 0.5326797790818358
0.59, 0.5346289781528034
0.591, 0.5365794943319964
0.592, 0.5385313912830153
0.593, 0.5404847594809079
0.59375, 0.5424396850570229
0.594, 0.5424396850570229
0.595, 0.5443962472550261
0.596, 0.5463541930081176
0.597, 0.5483135825215001
0.598, 0.5502745067009429
0.599, 0.5522370532951352
0.6, 0.5542013035523224
0.601, 0.5561668023792997
0.602, 0.5581335722108391
0.603, 0.5601016946019141
0.604, 0.5620712526165951
0.605, 0.5640423239465955
0.606, 0.5660136687907029
0.607, 0.5679851907192786
0.608, 0.5699569568957868
0.609, 0.5719290509330747
0.609375, 0.5739015545911328
0.61, 0.5739015545911328
0.611, 0.5758747906723679
0.612, 0.5778488992166683
0.613, 0.5798239872190387
0.614, 0.5818001498411826
0.615, 0.5837774738259953
0.616, 0.5857546334339444
0.617, 0.5877313994345807
0.618, 0.5897077890749349
0.619, 0.5916838570303882
0.62, 0.5936596601807986
0.621, 0.5956353633486057
0.622, 0.597611060514225
0.623, 0.599586824056509
0.624, 0.6015627123555689
0.625, 0.6035387689952251
0.626, 0.6055148516397842
0.627, 0.6074909149430721
0.628, 0.6094669341775412
0.629, 0.6114428669362971
0.63, 0.613418636723907
0.631, 0.6153941220693401
0.632, 0.6173691809186421
0.633, 0.6193436555883488
0.634, 0.6213173808029612
0.635, 0.6232901906105548
0.636, 0.6252619204847221
0.637, 0.627232400051851
0.638, 0.6292014600777033
0.639, 0.6311689332024366
0.64, 0.6331346546774823
0.640625, 0.6350984630062052
0.641, 0.6350984630062052
0.642, 0.6370601958350564
0.643, 0.6390196916647188
0.644, 0.6409767902373995
0.645, 0.6429313327165046
0.646, 0.6448832374864611
0.647, 0.6468325081069306
0.648, 0.6487791481327705
0.649, 0.6507231611140412
0.65, 0.6526645505960118
0.651, 0.6546033201191674
0.652, 0.6565394732192149
0.653, 0.6584730134270895
0.654, 0.6604039442689617
0.655, 0.6623322692662428
0.656, 0.6642579919355924
0.65625, 0.666181115788924
0.657, 0.666181115788924
0.658, 0.6681016443334117
0.659, 0.6700195810714965
0.66, 0.671934929500893
0.661, 0.6738476931145952
0.662, 0.6757578754008836
0.663, 0.6776654798433309
0.664, 0.6795705099208086
0.665, 0.6814729691074934
0.666, 0.6833728608728737
0.667, 0.6852701886817556
0.668, 0.6871649559942692
0.669, 0.6890571662658752
0.67, 0.6909468229473711
0.671, 0.6928339294848973
0.671875, 0.6947184893199437
0.672, 0.6947184893199437
0.673, 0.6966005058893558
0.674, 0.698479982625341
0.675, 0.7003569229554745
0.676, 0.7022313303027063
0.677, 0.7041032080853671
0.678, 0.705972559717174
0.679, 0.7078393886072376
0.68, 0.7097036981600676
0.681, 0.7115654917755794
0.682, 0.7134247728490999
0.683, 0.7152815447713741
0.684, 0.717135810928571
0.685, 0.71898757470229
0.686, 0.7208368394695667
0.687, 0.7226836086028794
0.6875, 0.7245278854701552
0.6880000000000001, 0.7245278854701552
0.6890000000000001, 0.7263696734347762
0.6900000000000001, 0.7282089758555853
0.6910000000000001, 0.7300457960868926
0.6920000000000001, 0.7318801374784815
0.6930000000000001, 0.7337120033756148
0.6940000000000001, 0.7355413971190409
0.6950000000000001, 0.7373683220449994
0.6960000000000001, 0.7391927814852278
0.6970000000000001, 0.7410147787669674
0.6980000000000001, 0.7428343172129692
0.6990000000000001, 0.7446514001415
0.7000000000000001, 0.7464660308663486
0.7010000000000001, 0.7482782126968316
0.7020000000000001, 0.7500879489377998
0.7030000000000001, 0.7518952428896439
0.703125, 0.7537000978483007
0.704, 0.7537000978483007
0.705, 0.7555025171052588
0.706, 0.7573025039475653
0.707, 0.7591000616578307
0.708, 0.7608951935142362
0.709, 0.7626879027905386
0.71, 0.7644781927560766
0.711, 0.7662660666757773
0.712, 0.7680515278101613
0.713, 0.769834579415349
0.714, 0.771615224743067
0.715, 0.773393467040653
0.716, 0.7751693095510628
0.717, 0.7769427555128755
0.718, 0.7787138081602998
0.71875, 0.7804824707231797
0.719, 0.7804824707231797
0.72, 0.7822487464270004
0.721, 0.7840126384928942
0.722, 0.7857741501376464
0.723, 0.7875332845737013
0.724, 0.7892900450091677
0.725, 0.791044434647825
0.726, 0.7927964566891293
0.727, 0.7945461143282186
0.728, 0.7962934107559192
0.729, 0.798038349158751
0.73, 0.799780932718934
0.731, 0.8015211646143934
0.732, 0.8032590480187657
0.733, 0.8049945861014047
0.734, 0.806727782027387
0.734375, 0.8084586389575178
0.735, 0.8084586389575178
0.736, 0.8101871600483367
0.737, 0.8119133484521234
0.738, 0.8136372073169036
0.739, 0.8153587397864547
0.74, 0.8170779490003114
0.741, 0.8187948380937715
0.742, 0.8205094101979018
0.743, 0.8222216684395434
0.744, 0.8239316159413177
0.745, 0.8256392558216321
0.746, 0.8273445911946856
0.747, 0.8290476251704746
0.748, 0.8307483608547982
0.749, 0.8324468013492644
0.75, 0.8341429497512955
0.751, 0.8358368091541336
0.752, 0.8375283826468464
0.753, 0.8392176733143328
0.754, 0.8409046842373288
0.755, 0.8425894184924124
0.756, 0.8442718791520101
0.757, 0.8459520692844018
0.758, 0.8476299919537269
0.759, 0.8493056502199895
0.76, 0.8509790471390641
0.761, 0.8526501857627015
0.762, 0.8543190691385336
0.763, 0.8559857003100798
0.764, 0.8576500823167522
0.765, 0.8593122181938609
0.765625, 0.8609721109726199
0.766, 0.8609721109726199
0.767, 0.8626297636801525
0.768, 0.8642851793394969
0.769, 0.8659383609696113
0.77, 0.8675893115853801
0.771, 0.8692380341976189
0.772, 0.87088453181308
0.773, 0.8725288074344582
0.774, 0.8741708640603959
0.775, 0.8758107046854889
0.776, 0.8774483323002916
0.777, 0.8790837498913227
0.778, 0.8807169604410703
0.779, 0.8823479669279978
0.78, 0.8839767723265488
0.781, 0.8856033796071531
0.78125, 0.8872277917362316
0.782, 0.8872277917362316
0.783, 0.8888500116762019
0.784, 0.8904700423854841
0.785, 0.8920878868185055
0.786, 0.8937035479257063
0.787, 0.8953170286535451
0.788, 0.8969283319445043
0.789, 0.8985374607370951
0.79, 0.9001444179658632
0.791, 0.9017492065613941
0.792, 0.9033518294503184
0.793, 0.904952289555317
0.794, 0.9065505897951267
0.795, 0.9081467330845453
0.796, 0.909740722334437
0.796875, 0.9113325604517378
0.797, 0.9113325604517378
0.798, 0.9129222503394606
0.799, 0.9145097948967006
0.8, 0.9160951970186406
0.801, 0.9176784595965565
0.802, 0.9192595855178219
0.803, 0.9208385776659144
0.804, 0.9224154389204197
0.805, 0.9239901721570376
0.806, 0.9255627802475872
0.807, 0.9271332660600119
0.808, 0.9287016324583848
0.809, 0.9302678823029137
0.81, 0.9318320184499466
0.811, 0.9333940437519768
0.812, 0.9349539610576479
0.8125, 0.9365117732117595
0.8130000000000001, 0.9365117732117595
0.8140000000000001, 0.9380674830552717
0.8150000000000001, 0.9396210934253109
0.8160000000000001, 0.9411726071551746
0.8170000000000001, 0.9427220270743367
0.8180000000000001, 0.9442693560084527
0.8190000000000001, 0.9458145967793649
0.8200000000000001, 0.947357752205107
0.8210000000000001, 0.9488988250999102
0.8220000000000001, 0.9504378182742076
0.8230000000000001, 0.9519747345346395
0.8240000000000001, 0.9535095766840588
0.8250000000000001, 0.9550423475215355
0.8260000000000001, 0.9565730498423625
0.8270000000000001, 0.95810168643806
0.8280000000000001, 0.9596282600963816
0.828125, 0.961152773601318
0.8290000000000001, 0.961152773601318
0.8300000000000001, 0.9626752297331034
0.8310000000000001, 0.9641956312682197
0.8320000000000001, 0.965713980979402
0.833, 0.9672302816356434
0.834, 0.9687445360022003
0.835, 0.9702567468405973
0.836, 0.9717669169086319
0.837, 0.9732750489603804
0.838, 0.9747811457462022
0.839, 0.9762852100127448
0.84, 0.9777872445029493
0.841, 0.979287251956055
0.842, 0.9807852351076046
0.843, 0.982281196689449
0.84375, 0.9837751394297525
0.844, 0.9837751394297525
0.845, 0.9852670660529975
0.846, 0.9867569792799898
0.847, 0.9882448818278634
0.848, 0.9897307764100853
0.849, 0.9912146657364608
0.85, 0.992696552513138
0.851, 0.9941764394426132
0.852, 0.9956543292237356
0.853, 0.9971302245517121
0.854, 0.9986041281181123
0.855, 1.0000760426108737
0.856, 1.0015459707143062
0.857, 1.003013915109097
0.858, 1.004479878472316
0.859, 1.0059438634774198
0.859375, 1.0074058727942576
0.86, 1.0074058727942576
0.861, 1.0088659090890755
0.862, 1.0103239750245212
0.863, 1.0117800732596491
0.864, 1.0132342064499253
0.865, 1.014686377247232
0.866, 1.0161365882998732
0.867, 1.0175848422525782
0.868, 1.0190311417465077
0.869, 1.0204754894192578
0.87, 1.0219178879048652
0.871, 1.0233583398338117
0.872, 1.0247968478330296
0.873, 1.0262334145259058
0.874, 1.0276680425322868
0.875, 1.029100734468484
0.876, 1.0305314929472773
0.877, 1.031960320577921
0.878, 1.0333872199661482
0.879, 1.0348121937141754
0.88, 1.0362352444207072
0.881, 1.0376563746809415
0.882, 1.0390755870865735
0.883, 1.0404928842258012
0.884, 1.0419082686833296
0.885, 1.0433217430403754
0.886, 1.0447333098746723
0.887, 1.0461429717604747
0.888, 1.0475507312685635
0.889, 1.04895659096625
0.89, 1.050360553417381
0.890625, 1.0517626211823432
0.891, 1.0517626211823432
0.892, 1.053162796818068
0.893, 1.0545610828780358
0.894, 1.055957481912282
0.895, 1.0573519964673994
0.896, 1.058744629086545
0.897, 1.0601353823094435
0.898, 1.061524258672392
0.899, 1.0629112607082651
0.9, 1.0642963909465188
0.901, 1.065679651913196
0.902, 1.0670610461309302
0.903, 1.068440576118951
0.904, 1.069818244393088
0.905, 1.0711940534657751
0.906, 1.0725680058460565
0.90625, 1.07394010403959
0.907, 1.07394010403959
0.908, 1.0753103505486517
0.909, 1.0766787478721411
0.91, 1.0780452985055853
0.911, 1.0794100049411437
0.912, 1.0807728696676122
0.913, 1.0821338951704282
0.914, 1.083493083931675
0.915, 1.084850438430086
0.916, 1.08620596114105
0.917, 1.0875596545366144
0.918, 1.0889115210854912
0.919, 1.0902615632530603
0.92, 1.0916097835013752
0.921, 1.092956184289166
0.921875, 1.094300768071845
0.922, 1.094300768071845
0.923, 1.095643537301511
0.924, 1.0969844944269533
0.925, 1.0983236418936568
0.926, 1.0996609821438061
0.927, 1.10099651761629
0.928, 1.1023302507467057
0.929, 1.1036621839673637
0.93, 1.1049923197072922
0.931, 1.1063206603922409
0.932, 1.1076472084446862
0.933, 1.1089719662838355
0.934, 1.1102949363256311
0.935, 1.1116161209827549
0.936, 1.1129355226646327
0.937, 1.1142531437774392
0.9375, 1.1155689867241017
0.9380000000000001, 1.1155689867241017
0.9390000000000001, 1.1168830539043044
0.9400000000000001, 1.1181953477144932
0.9410000000000001, 1.1195058705478802
0.9420000000000001, 1.1208146247944475
0.9430000000000001, 1.122121612840952
0.9440000000000001, 1.1234268370709295
0.9450000000000001, 1.1247302998646993
0.9460000000000001, 1.126032003599368
0.9470000000000001, 1.1273319506488348
0.9480000000000001, 1.128630143383795
0.9490000000000001, 1.1299265841717445
0.9500000000000001, 1.1312212753769841
0.9510000000000001, 1.1325142193606241
0.9520000000000001, 1.1338054184805886
0.9530000000000001, 1.1350948750916192
0.953125, 1.13638259154528
0.9540000000000001, 1.13638259154528
0.9550000000000001, 1.1376685701899616
0.9560000000000001, 1.138952813370885
0.9570000000000001, 1.140235323430107
0.9580000000000001, 1.141516102706523
0.9590000000000001, 1.1427951535358722
0.96, 1.1440724782507419
0.961, 1.1453480791805712
0.962, 1.146621958651656
0.963, 1.147894118987152
0.964, 1.1491645625070808
0.965, 1.1504332915283322
0.966, 1.1517003083646695
0.967, 1.1529656153267338
0.968, 1.1542292147220476
0.96875, 1.1554911088550197
0.969, 1.1554911088550197
0.97, 1.1567513000269485
0.971, 1.1580097905360272
0.972, 1.1592665826773474
0.973, 1.1605216787429034
0.974, 1.161775081021596
0.975, 1.163026791799238
0.976, 1.1642768133585566
0.977, 1.1655251479791986
0.978, 1.1667717979377346
0.979, 1.1680167655076625
0.98, 1.1692600529594124
0.981, 1.1705016625603502
0.982, 1.171741596574782
0.983, 1.172979857263958
0.984, 1.1742164468860772
0.984375, 1.1754513676962908
0.985, 1.1754513676962908
0.986, 1.1766846219467064
0.987, 1.1779162118863928
0.988, 1.1791461397613832
0.989, 1.1803744078146798
0.99, 1.1816010182862582
0.991, 1.1828259734130706
0.992, 1.1840492754290506
0.993, 1.1852709265651171
0.994, 1.186490929049178
0.995, 1.187709285106135
0.996, 1.188925996957887
0.997, 1.190141066823334
0.998, 1.1913544969183827
0.999, 1.1925662894559481
1.0, 1.1937764466459593
1.0010000000000001, 1.1949849706953632
1.002, 1.1961918638081284
1.0030000000000001, 1.1973971281852487
1.004, 1.1986007660247482
1.0050000000000001, 1.1998027795216841
1.006, 1.201003170868152
1.0070000000000001, 1.2022019422532884
1.008, 1.2033990958632763
1.0090000000000001, 1.2045946338813478
1.01, 1.205788558487789
1.0110000000000001, 1.2069808718599435
1.012, 1.2081715761722167
1.0130000000000001, 1.2093606735960791
1.014, 1.2105481663000712
1.0150000000000001, 1.211734056449807
1.015625, 1.2129183462079776
1.016, 1.2129183462079776
1.0170000000000001, 1.214101037734356
1.018, 1.2152821331858
1.0190000000000001, 1.2164616347162567
1.02, 1.217639544476767
1.0210000000000001, 1.218815864615468
1.022, 1.2199905972775988
1.0230000000000001, 1.2211637446055026
1.024, 1.222335308738632
1.025, 1.2235052918135518
1.026, 1.2246736959639442
1.027, 1.2258405233206113
1.028, 1.22700577601148
1.029, 1.2281694561616054
1.03, 1.2293315658931745
1.031, 1.2304921073255106
1.03125, 1.231651082575077
1.032, 1.231651082575077
1.033, 1.2328084937554808
1.034, 1.2339643429774765
1.035, 1.2351186323489702
1.036, 1.2362713639750234
1.037, 1.2374225399578564
1.038, 1.238572162396853
1.039, 1.2397202333885635
1.04, 1.240866755026709
1.041, 1.2420117294021848
1.042, 1.243155158603065
1.043, 1.2442970447146051
1.044, 1.245437389819247
1.045, 1.2465761959966222
1.046, 1.2477134653235555
1.046875, 1.2488491998740694
1.047, 1.2488491998740694
1.048, 1.249983401719387
1.049, 1.251116072927936
1.05, 1.2522472155653535
1.051, 1.2533768316944884
1.052, 1.2545049233754058
1.053, 1.2556314926653909
1.054, 1.2567565416189521
1.055, 1.2578800722878258
1.056, 1.259002086720979
1.057, 1.2601225869646138
1.058, 1.2612415750621706
1.059, 1.2623590530543327
1.06, 1.263475022979029
1.061, 1.2645894868714382
1.062, 1.2657024467639928
1.0625, 1.2668139046863818
1.063, 1.2668139046863818
1.064, 1.2679238626655558
1.065, 1.2690323227257296
1.066, 1.2701392868883863
1.067, 1.271244757172281
1.068, 1.2723487355934442
1.069, 1.2734512241651863
1.07, 1.2745522248981
1.071, 1.2756517398000653
1.072, 1.2767497708762519
1.073, 1.2778463201291237
1.074, 1.2789413895584425
1.075, 1.280034981161271
1.076, 1.2811270969319768
1.077, 1.2822177388622364
1.078, 1.283306908941038
1.078125, 1.2843946091546863
1.079, 1.2843946091546863
1.08, 1.2854808414868044
1.081, 1.2865656079183394
1.082, 1.2876489104275648
1.083, 1.288730750990084
1.084, 1.2898111315788348
1.085, 1.2908900541640917
1.086, 1.2919675207134713
1.087, 1.2930435331919339
1.088, 1.2941180935617886
1.089, 1.2951912037826963
1.09, 1.2962628658116728
1.091, 1.2973330816030935
1.092, 1.2984018531086956
1.093, 1.299469182277583
1.09375, 1.3005350710562291
1.094, 1.3005350710562291
1.095, 1.3015995213884803
1.096, 1.3026625352155596
1.097, 1.3037241144760707
1.098, 1.3047842611060008
1.099, 1.3058429770387245
1.1, 1.3069002642050074
1.101, 1.3079561245330091
1.102, 1.3090105599482875
1.103, 1.3100635723738017
1.104, 1.3111151637299157
1.105, 1.312165335934402
1.106, 1.3132140909024452
1.107, 1.3142614305466447
1.108, 1.3153073567770195
1.109, 1.3163518715010105
1.109375, 1.3173949766234847
1.11, 1.3173949766234847
1.111, 1.3184366740467381
1.112, 1.3194769656705
1.113, 1.3205158533919357
1.114, 1.32155333910565
1.115, 1.3225894247036913
1.116, 1.3236241120755545
1.117, 1.3246574031081844
1.118, 1.3256892996859795
1.119, 1.326719803690795
1.12, 1.3277489170019467
1.121, 1.3287766414962143
1.122, 1.3298029790478447
1.123, 1.3308279315285552
1.124, 1.3318515008075373
1.125, 1.33287368875146
1.1260000000000001, 1.3338944972244733
1.127, 1.3349139280882112
1.1280000000000001, 1.3359319832017957
1.129, 1.3369486644218396
1.1300000000000001, 1.3379639736024502
1.131, 1.3389779125952328
1.1320000000000001, 1.3399904832492937
1.133, 1.3410016874112438
1.1340000000000001, 1.342011526925202
1.135, 1.3430200036327986
1.1360000000000001, 1.3440271193731785
1.137, 1.3450328759830046
1.1380000000000001, 1.346037275296461
1.139, 1.3470403191452571
1.1400000000000001, 1.3480420093586296
1.140625, 1.349042347763347
1.141, 1.349042347763347
1.1420000000000001, 1.3500413361837127
1.143, 1.3510389764415678
1.1440000000000001, 1.3520352703562948
1.145, 1.3530302197448212
1.1460000000000001, 1.354023826421622
1.147, 1.3550160921987242
1.1480000000000001, 1.3560070188857087
1.149, 1.356996608289715
1.1500000000000001, 1.3579848622154431
1.151, 1.3589717824651582
1.1520000000000001, 1.3599573708386927
1.153, 1.3609416291334506
1.154, 1.36192455914441
1.155, 1.3629061626641266
1.156, 1.3638864414827367
1.15625, 1.3648653973879614
1.157, 1.3648653973879614
1.158, 1.365843032165109
1.159, 1.3668193475970782
1.16, 1.367794345464362
1.161, 1.3687680275450502
1.162, 1.3697403956148333
1.163, 1.3707114514470053
1.164, 1.3716811968124674
1.165, 1.3726496334797302
1.166, 1.3736167632149185
1.167, 1.3745825877817732
1.168, 1.375547108941655
1.169, 1.376510328453548
1.17, 1.3774722480740618
1.171, 1.378432869557436
1.171875, 1.3793921946555423
1.172, 1.3793921946555423
1.173, 1.3803502251178887
1.174, 1.3813069626916221
1.175, 1.3822624091215312
1.176, 1.3832165661500504
1.177, 1.3841694355172627
1.178, 1.3851210189609025
1.179, 1.386071318216359
1.18, 1.38702033501668
1.181, 1.3879680710925744
1.182, 1.3889145281724147
1.183, 1.3898597079822417
1.184, 1.3908036122457668
1.185, 1.3917462426843747
1.186, 1.3926876010171276
1.187, 1.3936276889607675
1.1875, 1.3945665082297196
1.188, 1.3945665082297196
1.189, 1.3955040605360955
1.19, 1.3964403475896963
1.191, 1.3973753710980155
1.192, 1.3983091327662425
1.193, 1.3992416342972656
1.194, 1.4001728773916746
1.195, 1.4011028637477645
1.196, 1.4020315950615385
1.197, 1.402959073026711
1.198, 1.4038852993347104
1.199, 1.4048102756746828
1.2, 1.4057340037334947
1.201, 1.406656485195736
1.202, 1.4075777217437233
1.203, 1.4084977150575029
1.203125, 1.4094164668148534
1.204, 1.4094164668148534
1.205, 1.4103339786912898
1.206, 1.4112502523600658
1.207, 1.4121652894921768
1.208, 1.4130790917563631
1.209, 1.4139916608191134
1.21, 1.414902998344667
1.211, 1.4158131059950174
1.212, 1.4167219854299153
1.213, 1.4176296383068714
1.214, 1.4185360662811595
1.215, 1.4194412710058195
1.216, 1.420345254131661
1.217, 1.421248017307265
1.218, 1.4221495621789884
1.21875, 1.4230498903909659
1.219, 1.4230498903909659
1.22, 1.4239490035851134
1.221, 1.4248469034011313
1.222, 1.4257435914765066
1.223, 1.4266390694465172
1.224, 1.4275333389442335
1.225, 1.4284264016005224
1.226, 1.4293182590440496
1.227, 1.4302089129012834
1.228, 1.4310983647964965
1.229, 1.4319866163517703
1.23, 1.4328736691869963
1.231, 1.4337595249198807
1.232, 1.434644185165946
1.233, 1.435527651538535
1.234, 1.4364099256488125
1.234375, 1.43729100910577
1.235, 1.43729100910577
1.236, 1.438170903516227
1.237, 1.4390496104848343
1.238, 1.4399271316140778
1.239, 1.4408034685042805
1.24, 1.4416786227536058
1.241, 1.4425525959580603
1.242, 1.4434253897114966
1.243, 1.4442970056056164
1.244, 1.4451674452299736
1.245, 1.4460367101719769
1.246, 1.4469048020168922
1.247, 1.4477717223478468
1.248, 1.448637472745831
1.249, 1.4495020547897022
1.25, 1.450365470056186
1.2510000000000001, 1.4512277201198813
1.252, 1.4520888065532611
1.2530000000000001, 1.4529487309266769
1.254, 1.4538074948083606
1.2550000000000001, 1.454665099764428
1.256, 1.4555215473588812
1.2570000000000001, 1.4563768391536118
1.258, 1.4572309767084035
1.2590000000000001, 1.4580839615809351
1.26, 1.4589357953267832
1.2610000000000001, 1.4597864794994249
1.262, 1.4606360156502411
1.2630000000000001, 1.4614844053285192
1.264, 1.4623316500814554
1.2650000000000001, 1.4631777514541582
1.265625, 1.4640227109896509
1.266, 1.4640227109896509
1.2670000000000001, 1.4648665302288744
1.268, 1.4657092107106902
1.2690000000000001, 1.4665507539718827
1.27, 1.4673911615471626
1.2710000000000001, 1.4682304349691695
1.272, 1.4690685757684747
1.2730000000000001, 1.4699055854735839
1.274, 1.4707414656109397
1.2750000000000001, 1.4715762177049252
1.276, 1.4724098432778663
1.2770000000000001, 1.4732423438500342
1.278, 1.4740737209396486
1.2790000000000001, 1.4749039760628804
1.28, 1.475733110733854
1.281, 1.4765611264646508
1.28125, 1.4773880247653115
1.282, 1.4773880247653115
1.283, 1.478213807143839
1.284, 1.4790384751062013
1.285, 1.4798620301563337
1.286, 1.480684473796142
1.287, 1.4815058075255052
1.288, 1.4823260328422783
1.289, 1.4831451512422944
1.29, 1.4839631642193687
1.291, 1.4847800732652998
1.292, 1.4855958798698734
1.293, 1.4864105855208645
1.294, 1.4872241917040405
1.295, 1.4880366999031638
1.296, 1.4888481115999939
1.296875, 1.489658428274291
1.297, 1.489658428274291
1.298, 1.4904676514038186
1.299, 1.4912757824643457
1.3, 1.4920828229296492
1.301, 1.4928887742715178
1.302, 1.4936936379597536
1.303, 1.4944974154621755
1.304, 1.4953001082446211
1.305, 1.49610171777095
1.306, 1.4969022455030463
1.307, 1.4977016929008213
1.308, 1.4985000614222161
1.309, 1.499297352523204
1.31, 1.500093567657794
1.311, 1.5008887082780322
1.312, 1.5016827758340057
1.3125, 1.5024757717738442
1.313, 1.5024757717738442
1.314, 1.5032676975437234
1.315, 1.504058554587867
1.316, 1.5048483443485505
1.317, 1.5056370682661022
1.318, 1.506424727778907
1.319, 1.5072113243234082
1.32, 1.507996859334111
1.321, 1.508781334243585
1.322, 1.5095647504824659
1.323, 1.510347109479459
1.324, 1.5111284126613413
1.325, 1.5119086614529649
1.326, 1.5126878572772582
1.327, 1.51346600155523
1.328, 1.514243095705971
1.328125, 1.515019141146657
1.329, 1.515019141146657
1.33, 1.5157941392925511
1.331, 1.516568091557007
1.332, 1.5173409993514704
1.333, 1.5181128640854824
1.334, 1.518883687166682
1.335, 1.5196534700008084
1.336, 1.5204222139917039
1.337, 1.521189920541316
1.338, 1.5219565910497006
1.339, 1.522722226915024
1.34, 1.5234868295335655
1.341, 1.5242504002997204
1.342, 1.5250129406060018
1.343, 1.525774451843044
1.34375, 1.5265349353996045
1.344, 1.5265349353996045
1.345, 1.5272943926625664
1.346, 1.5280528250169412
1.347, 1.5288102338458716
1.348, 1.5295666205306333
1.349, 1.5303219864506383
1.35, 1.5310763329834367
1.351, 1.53182966150472
1.352, 1.5325819733883226
1.353, 1.5333332700062254
1.354, 1.5340835527285575
1.355, 1.534832822923599
1.356, 1.5355810819577835
1.357, 1.5363283311957006
1.358, 1.5370745720000982
1.359, 1.5378198057318853
1.359375, 1.538564033750134
1.36, 1.538564033750134
1.361, 1.539307257412083
1.362, 1.5400494780731386
1.363, 1.5407906970868783
1.364, 1.541530915805053
1.365, 1.542270135577589
1.366, 1.5430083577525913
1.367, 1.5437455836763452
1.368, 1.5444818146933195
1.369, 1.5452170521461683
1.37, 1.545951297375734
1.371, 1.546684551721049
1.372, 1.5474168165193396
1.373, 1.5481480931060265
1.374, 1.5488783828147286
1.375, 1.549607686977265
1.3760000000000001, 1.5503360069236578
1.377, 1.5510633439821337
1.3780000000000001, 1.5517896994791271
1.379, 1.5525150747392826
1.3800000000000001, 1.5532394710854567
1.381, 1.553962889838721
1.3820000000000001, 1.5546853323183643
1.383, 1.5554067998418946
1.3840000000000001, 1.556127293725042
1.385, 1.5568468152817618
1.3860000000000001, 1.557565365824235
1.387, 1.558282946662872
1.3880000000000001, 1.5589995591063153
1.389, 1.5597152044614409
1.3900000000000001, 1.560429884033361
1.390625, 1.561143599125427
1.391, 1.561143599125427
1.3920000000000001, 1.5618563510392311
1.393, 1.562568141074609
1.3940000000000001, 1.5632789705296424
1.395, 1.5639888407006608
1.3960000000000001, 1.5646977528822446
1.397, 1.565405708367227
1.3980000000000001, 1.5661127084466968
1.399, 1.5668187544099998
1.4000000000000001, 1.5675238475447424
1.401, 1.5682279891367932
1.4020000000000001, 1.568931180470285
1.403, 1.5696334228276183
1.4040000000000001, 1.5703347174894626
1.405, 1.5710350657347594
1.4060000000000001, 1.5717344688407238
1.40625, 1.5724329280828473
1.407, 1.5724329280828473
1.408, 1.5731304447349006
1.409, 1.5738270200689348
1.41, 1.574522655355285
1.411, 1.575217351862571
1.412, 1.5759111108577015
1.413, 1.576603933605875
1.414, 1.5772958213705828
1.415, 1.5779867754136108
1.416, 1.5786767969950422
1.417, 1.5793658873732597
1.418, 1.580054047804948
1.419, 1.5807412795450957
1.42, 1.5814275838469976
1.421, 1.5821129619622571
1.421875, 1.5827974151407889
1.422, 1.5827974151407889
1.423, 1.5834809446308207
1.424, 1.5841635516788954
1.425, 1.5848452375298745
1.426, 1.5855260034269385
1.427, 1.5862058506115908
1.428, 1.5868847803236592
1.429, 1.5875627938012984
1.43, 1.5882398922809922
1.431, 1.5889160769975554
1.432, 1.5895913491841367
1.433, 1.5902657100722206
1.434, 1.5909391608916297
1.435, 1.5916117028705268
1.436, 1.5922833372354173
1.437, 1.5929540652111513
1.4375, 1.5936238880209261
1.438, 1.5936238880209261
1.439, 1.5942928068862883
1.44, 1.5949608230271357
1.441, 1.5956279376617202
1.442, 1.5962941520066494
1.443, 1.5969594672768892
1.444, 1.5976238846857655
1.445, 1.5982874054449674
1.446, 1.5989500307645481
1.447, 1.5996117618529284
1.448, 1.6002725999168979
1.449, 1.6009325461616177
1.45, 1.6015916017906227
1.451, 1.6022497680058232
1.452, 1.602907046007508
1.453, 1.603563436994346
1.453125, 1.6042189421633877
1.454, 1.6042189421633877
1.455, 1.604873562710069
1.456, 1.6055272998282124
1.457, 1.606180154710029
1.458, 1.6068321285461211
1.459, 1.6074832225254845
1.46, 1.6081334378355099
1.461, 1.608782775661986
1.462, 1.609431237189101
1.463, 1.6100788235994454
1.464, 1.6107255360740134
1.465, 1.6113713757922055
1.466, 1.6120163439318305
1.467, 1.6126604416691077
1.468, 1.6133036701786694
1.46875, 1.6139460306335622
1.469, 1.6139460306335622
1.47, 1.61458752420525
1.471, 1.6152281520636158
1.472, 1.6158679153769635
1.473, 1.6165068153120206
1.474, 1.61714485303394
1.475, 1.6177820297063021
1.476, 1.6184183464911173
1.477, 1.6190538045488274
1.478, 1.6196884050383085
1.479, 1.6203221491168727
1.48, 1.62095503794027
1.481, 1.621587072662691
1.482, 1.622218254436769
1.483, 1.6228485844135807
1.484, 1.6234780637426505
1.484375, 1.624106693571951
1.485, 1.624106693571951
1.486, 1.6247344750479056
1.487, 1.6253614093153905
1.488, 1.6259874975177373
1.489, 1.6266127407967341
1.49, 1.6272371402926282
1.491, 1.6278606971441285
1.492, 1.6284834124884067
1.493, 1.6291052874611003
1.494, 1.6297263231963137
1.495, 1.6303465208266215
1.496, 1.630965881483069
1.497, 1.6315844062951759
1.498, 1.6322020963909372
1.499, 1.6328189528968255
1.5, 1.6334349769377938
1.5010000000000001, 1.6340501696372762
1.502, 1.6346645321171913
1.5030000000000001, 1.635278065497943
1.504, 1.635890770898424
1.5050000000000001, 1.6365026494360164
1.506, 1.6371137022265945
1.5070000000000001, 1.6377239303845266
1.508, 1.6383333350226774
1.5090000000000001, 1.6389419172524098
1.51, 1.6395496781835863
1.5110000000000001, 1.6401566189245724
1.512, 1.6407627405822374
1.5130000000000001, 1.6413680442619567
1.514, 1.6419725310676143
1.5150000000000001, 1.6425762021016044
1.515625, 1.6431790584648334
1.516, 1.6431790584648334
1.5170000000000001, 1.643781101256722
1.518, 1.6443823315752073
1.5190000000000001, 1.6449827505167445
1.52, 1.6455823591763092
1.5210000000000001, 1.6461811586473996
1.522, 1.6467791500220377
1.5230000000000001, 1.6473763343907721
1.524, 1.6479727128426798
1.5250000000000001, 1.6485682864653675
1.526, 1.6491630563449746
1.5270000000000001, 1.6497570235661747
1.528, 1.6503501892121777
1.5290000000000001, 1.6509425543647311
1.53, 1.6515341201041234
1.5310000000000001, 1.6521248875091843
1.53125, 1.6527148576572883
1.532, 1.6527148576572883
1.5330000000000001, 1.653304031624356
1.534, 1.6538924104848551
1.5350000000000001, 1.6544799953118046
1.536, 1.6550667871767741
1.537, 1.6556527871498883
1.538, 1.6562379962998268
1.539, 1.6568224156938274
1.54, 1.6574060463976876
1.541, 1.6579888894757668
1.542, 1.6585709459909874
1.543, 1.659152217004838
1.544, 1.6597327035773743
1.545, 1.6603124067672217
1.546, 1.6608913276315767
1.546875, 1.6614694672262091
1.547, 1.6614694672262091
1.548, 1.6620468266054644
1.549, 1.6626234068222645
1.55, 1.6631992089281107
1.551, 1.6637742339730852
1.552, 1.6643484830058535
1.553, 1.664921957073665
1.554, 1.6654946572223568
1.555, 1.666066584496354
1.556, 1.6666377399386725
1.557, 1.6672081245909203
1.558, 1.6677777394933
1.559, 1.6683465856846105
1.56, 1.6689146642022483
1.561, 1.6694819760822106
1.562, 1.670048522359096
1.5625, 1.670614304066107
1.563, 1.670614304066107
1.564, 1.671179322235052
1.565, 1.6717435778963465
1.566, 1.6723070720790159
1.567, 1.6728698058106963
1.568, 1.6734317801176377
1.569, 1.6739929960247046
1.57, 1.6745534545553789
1.571, 1.6751131567317608
1.572, 1.6756721035745712
1.573, 1.6762302961031539
1.574, 1.6767877353354765
1.575, 1.6773444222881335
1.576, 1.677900357976347
1.577, 1.678455543413969
1.578, 1.6790099796134836
1.578125, 1.6795636675860084
1.579, 1.6795636675860084
1.58, 1.6801166083412962
1.581, 1.6806688028877375
1.582, 1.6812202522323616
1.583, 1.6817709573808393
1.584, 1.6823209193374835
1.585, 1.6828701391052525
1.586, 1.6834186176857506
1.587, 1.6839663560792304
1.588, 1.6845133552845948
1.589, 1.6850596162993987
1.59, 1.6856051401198506
1.591, 1.6861499277408147
1.592, 1.6866939801558127
1.593, 1.6872372983570252
1.59375, 1.6877798833352942
1.594, 1.6877798833352942
1.595, 1.6883217360801241
1.596, 1.6888628575796845
1.597, 1.6894032488208108
1.598, 1.6899429107890072
1.599, 1.6904818444684475
1.6, 1.6910200508419777
1.601, 1.691557530891117
1.602, 1.6920942855960606
1.603, 1.6926303159356804
1.604, 1.6931656228875274
1.605, 1.6937002074278333
1.606, 1.6942340705315129
1.607, 1.6947672131721645
1.608, 1.695299636322073
1.609, 1.6958313409522108
1.609375, 1.6963623280322406
1.61, 1.6963623280322406
1.611, 1.696892598530516
1.612, 1.6974221534140839
1.613, 1.697950993648686
1.614, 1.698479120198761
1.615, 1.699006534027446
1.616, 1.699533236096578
1.617, 1.7000592273666963
1.618, 1.700584508797044
1.619, 1.7011090813455692
1.62, 1.7016329459689277
1.621, 1.7021561036224842
1.622, 1.7026785552603139
1.623, 1.7032003018352044
1.624, 1.703721344298658
1.625, 1.7042416836008925
1.6260000000000001, 1.704761320690843
1.627, 1.7052802565161647
1.6280000000000001, 1.7057984920232336
1.629, 1.7063160281571488
1.6300000000000001, 1.7068328658617333
1.631, 1.707349006079537
1.6320000000000001, 1.7078644497518378
1.633, 1.7083791978186427
1.6340000000000001, 1.7088932512186907
1.635, 1.7094066108894541
1.6360000000000001, 1.7099192777671395
1.637, 1.7104312527866903
1.6380000000000001, 1.7109425368817883
1.639, 1.711453130984855
1.6400000000000001, 1.7119630360270541
1.640625, 1.712472252938292
1.641, 1.712472252938292
1.6420000000000001, 1.7129807826472205
1.643, 1.713488626081238
1.6440000000000001, 1.713995784166492
1.645, 1.714502257827879
1.6460000000000001, 1.7150080479890484
1.647, 1.7155131555724024
1.6480000000000001, 1.7160175814990986
1.649, 1.7165213266890516
1.6500000000000001, 1.7170243920609345
1.651, 1.7175267785321806
1.6520000000000001, 1.718028487018985
1.653, 1.7185295184363067
1.6540000000000001, 1.7190298736978695
1.655, 1.7195295537161643
1.6560000000000001, 1.7200285594024507
1.65625, 1.7205268916667582
1.657, 1.7205268916667582
1.6580000000000001, 1.7210245514178886
1.659, 1.7215215395634167
1.6600000000000001, 1.7220178570096931
1.661, 1.7225135046618452
1.6620000000000001, 1.7230084834237782
1.663, 1.7235027941981784
1.6640000000000001, 1.7239964378865134
1.665, 1.724489415389034
1.666, 1.7249817276047765
1.667, 1.725473375431564
1.668, 1.7259643597660077
1.669, 1.7264546815035087
1.67, 1.7269443415382602
1.671, 1.727433340763248
1.671875, 1.7279216800702535
1.672, 1.7279216800702535
1.673, 1.728409360349854
1.674, 1.7288963824914254
1.675, 1.7293827473831431
1.676, 1.7298684559119841
1.677, 1.730353508963728
1.678, 1.7308379074229596
1.679, 1.7313216521730694
1.68, 1.731804744096256
1.681, 1.7322871840735274
1.682, 1.7327689729847027
1.683, 1.7332501117084134
1.684, 1.7337306011221054
1.685, 1.734210442102041
1.686, 1.734689635523299
1.687, 1.7351681822597782
1.6875, 1.7356460831841973
1.688, 1.7356460831841973
1.689, 1.7361233391680977
1.69, 1.7365999510818442
1.691, 1.7370759197946275
1.692, 1.737551246174465
1.693, 1.7380259310882031
1.694, 1.7384999754015178
1.695, 1.7389733799789169
1.696, 1.739446145683742
1.697, 1.7399182733781693
1.698, 1.7403897639232113
1.699, 1.740860618178719
1.7, 1.7413308370033824
1.701, 1.7418004212547331
1.702, 1.7422693717891455
1.703, 1.742737689461838
1.703125, 1.743205375126875
1.704, 1.743205375126875
1.705, 1.7436724296371684
1.706, 1.7441388538444789
1.707, 1.744604648599418
1.708, 1.745069814751449
1.709, 1.7455343531488887
1.71, 1.7459982646389096
1.711, 1.7464615500675404
1.712, 1.7469242102796683
1.713, 1.7473862461190401
1.714, 1.7478476584282645
1.715, 1.7483084480488125
1.716, 1.7487686158210196
1.717, 1.7492281625840875
1.718, 1.7496870891760852
1.71875, 1.7501453964339506
1.719, 1.7501453964339506
1.72, 1.7506030851934922
1.721, 1.7510601562893906
1.722, 1.7515166105552002
1.723, 1.7519724488233501
1.724, 1.7524276719251464
1.725, 1.7528822806907727
1.726, 1.753336275949293
1.727, 1.7537896585286519
1.728, 1.754242429255677
1.729, 1.75469458895608
1.73, 1.7551461384544582
1.731, 1.755597078574296
1.732, 1.7560474101379668
1.733, 1.756497133966734
1.734, 1.7569462508807523
1.734375, 1.7573947616990702
1.735, 1.7573947616990702
1.736, 1.7578426672396306
1.737, 1.7582899683192725
1.738, 1.7587366657537327
1.739, 1.759182760357647
1.74, 1.7596282529445522
1.741, 1.7600731443268864
1.742, 1.7605174353159923
1.743, 1.7609611267221168
1.744, 1.761404219354414
1.745, 1.7618467140209455
1.746, 1.7622886115286829
1.747, 1.7627299126835083
1.748, 1.7631706182902165
1.749, 1.7636107291525163
1.75, 1.7640502460730314
1.7510000000000001, 1.764489169853303
1.752, 1.7649275012937902
1.7530000000000001, 1.7653652411938718
1.754, 1.765802390351848
1.7550000000000001, 1.7662389495649418
1.756, 1.7666749196293
1.7570000000000001, 1.767110301339995
1.758, 1.7675450954910263
1.7590000000000001, 1.7679793028753223
1.76, 1.7684129242847406
1.7610000000000001, 1.7688459605100706
1.762, 1.7692784123410346
1.7630000000000001, 1.7697102805662885
1.764, 1.7701415659734248
1.7650000000000001, 1.7705722693489725
1.765625, 1.7710023914783994
1.766, 1.7710023914783994
1.7670000000000001, 1.7714319331461132
1.768, 1.771860895135463
1.7690000000000001, 1.772289278228741
1.77, 1.772717083207183
1.7710000000000001, 1.7731443108509712
1.772, 1.7735709619392348
1.7730000000000001, 1.7739970372500513
1.774, 1.7744225375604483
1.7750000000000001, 1.7748474636464049
1.776, 1.7752718162828527
1.7770000000000001, 1.7756955962436778
1.778, 1.7761188043017218
1.7790000000000001, 1.7765414412287832
1.78, 1.7769635077956192
1.7810000000000001, 1.7773850047719466
1.78125, 1.7778059329264437
1.782, 1.7778059329264437
1.7830000000000001, 1.7782262930267512
1.784, 1.778646085839474
1.7850000000000001, 1.7790653121301823
1.786, 1.7794839726634133
1.7870000000000001, 1.7799020682026723
1.788, 1.7803195995104342
1.7890000000000001, 1.7807365673481452
1.79, 1.7811529724762236
1.7910000000000001, 1.7815688156540619
1.792, 1.7819840976400272
1.793, 1.7823988191914635
1.794, 1.7828129810646927
1.795, 1.783226584015016
1.796, 1.7836396287967156
1.796875, 1.7840521161630551
1.797, 1.7840521161630551
1.798, 1.7844640468662822
1.799, 1.784875421657629
1.8, 1.785286241287314
1.801, 1.7856965065045434
1.802, 1.786106218057512
1.803, 1.7865153766934052
1.804, 1.7869239831583996
1.805, 1.7873320381976654
1.806, 1.7877395425553666
1.807, 1.7881464969746634
1.808, 1.788552902197713
1.809, 1.7889587589656706
1.81, 1.7893640680186917
1.811, 1.7897688300959327
1.812, 1.7901730459355527
1.8125, 1.7905767162747144
1.813, 1.7905767162747144
1.814, 1.7909798418495857
1.815, 1.791382423395341
1.816, 1.791784461646163
1.817, 1.7921859573352428
1.818, 1.7925869111947828
1.819, 1.7929873239559966
1.82, 1.7933871963491117
1.821, 1.7937865291033697
1.822, 1.7941853229470281
1.823, 1.7945835786073618
1.824, 1.794981296810664
1.825, 1.795378478282248
1.826, 1.7957751237464477
1.827, 1.7961712339266203
1.828, 1.7965668095451461
1.828125, 1.7969618513234311
1.829, 1.7969618513234311
1.83, 1.7973563599819073
1.831, 1.7977503362400347
1.832, 1.7981437808163023
1.833, 1.7985366944282295
1.834, 1.7989290777923672
1.835, 1.7993209316242997
1.836, 1.7997122566386452
1.837, 1.8001030535490576
1.838, 1.800493323068228
1.839, 1.8008830659078854
1.84, 1.8012722827787981
1.841, 1.8016609743907759
1.842, 1.80204914145267
1.843, 1.8024367846723754
1.84375, 1.8028239047568315
1.844, 1.8028239047568315
1.845, 1.8032105024120237
1.846, 1.803596578342985
1.847, 1.8039821332537966
1.848, 1.8043671678475894
1.849, 1.804751682826546
1.85, 1.8051356788919006
1.851, 1.8055191567439417
1.852, 1.8059021170820124
1.853, 1.8062845606045121
1.854, 1.8066664880088978
1.855, 1.8070478999916852
1.856, 1.80742879724845
1.857, 1.807809180473829
1.858, 1.8081890503615219
1.859, 1.8085684076042923
1.859375, 1.8089472528939683
1.86, 1.8089472528939683
1.861, 1.809325586921445
1.862, 1.8097034103766851
1.863, 1.8100807239487198
1.864, 1.8104575283256503
1.865, 1.8108338241946498
1.866, 1.8112096122419636
1.867, 1.8115848931529115
1.868, 1.8119596676118876
1.869, 1.8123339363023632
1.87, 1.8127076999068867
1.871, 1.8130809591070858
1.872, 1.8134537145836678
1.873, 1.8138259670164216
1.874, 1.814197717084219
1.875, 1.8145689654650152
1.8760000000000001, 1.8149397128358509
1.877, 1.8153099598728528
1.8780000000000001, 1.8156797072512354
1.879, 1.8160489556453017
1.8800000000000001, 1.8164177057284447
1.881, 1.816785958173149
1.8820000000000001, 1.8171537136509912
1.883, 1.817520972832642
1.8840000000000001, 1.817887736387867
1.885, 1.8182540049855274
1.8860000000000001, 1.8186197792935823
1.887, 1.8189850599790893
1.8880000000000001, 1.8193498477082057
1.889, 1.8197141431461896
1.8900000000000001, 1.8200779469574015
1.890625, 1.8204412598053057
1.891, 1.8204412598053057
1.8920000000000001, 1.8208040823524703
1.893, 1.82116641526057
1.8940000000000001, 1.821528259190386
1.895, 1.8218896148018084
1.8960000000000001, 1.8222504827538362
1.897, 1.822610863704579
1.8980000000000001, 1.8229707583112589
1.899, 1.8233301672302102
1.9000000000000001, 1.8236890911168824
1.901, 1.8240475306258397
1.9020000000000001, 1.8244054864107633
1.903, 1.8247629591244523
1.9040000000000001, 1.8251199494188246
1.905, 1.8254764579449183
1.9060000000000001, 1.825832485352893
1.90625, 1.8261880322920314
1.907, 1.8261880322920314
1.9080000000000001, 1.826543099410739
1.909, 1.8268976873565468
1.9100000000000001, 1.827251796776112
1.911, 1.8276054283152188
1.9120000000000001, 1.8279585826187803
1.913, 1.8283112603308391
1.9140000000000001, 1.8286634620945685
1.915, 1.829015188552274
1.9160000000000001, 1.8293664403453942
1.917, 1.829717218114502
1.9180000000000001, 1.8300675224993062
1.919, 1.8304173541386517
1.92, 1.8307667136705217
1.921, 1.8311156017320382
1.921875, 1.8314640189594638
1.922, 1.8314640189594638
1.923, 1.8318119659882017
1.924, 1.8321594434527984
1.925, 1.8325064519869434
1.926, 1.8328529922234715
1.927, 1.8331990647943632
1.928, 1.8335446703307463
1.929, 1.8338898094628968
1.93, 1.8342344828202402
1.931, 1.8345786910313522
1.932, 1.8349224347239608
1.933, 1.8352657145249465
1.934, 1.8356085310603436
1.935, 1.8359508849553423
1.936, 1.8362927768342883
1.937, 1.836634207320685
1.9375, 1.8369751770371945
1.938, 1.8369751770371945
1.939, 1.8373156866056386
1.94, 1.8376557366469999
1.941, 1.8379953277814227
1.942, 1.8383344606282148
1.943, 1.838673135805848
1.944, 1.8390113539319592
1.945, 1.8393491156233523
1.946, 1.8396864214959987
1.947, 1.8400232721650382
1.948, 1.840359668244781
1.949, 1.8406956103487073
1.95, 1.8410310990894707
1.951, 1.841366135078897
1.952, 1.8417007189279866
1.953, 1.8420348512469156
1.953125, 1.8423685326450363
1.954, 1.8423685326450363
1.955, 1.8427017637308787
1.956, 1.843034545112152
1.957, 1.8433668773957446
1.958, 1.8436987611877265
1.959, 1.8440301970933495
1.96, 1.8443611857170485
1.961, 1.844691727662443
1.962, 1.8450218235323377
1.963, 1.8453514739287236
1.964, 1.8456806794527796
1.965, 1.8460094407048735
1.966, 1.8463377582845624
1.967, 1.8466656327905944
1.968, 1.8469930648209099
1.96875, 1.8473200549726418
1.969, 1.8473200549726418
1.97, 1.8476466038421178
1.971, 1.8479727120248604
1.972, 1.8482983801155883
1.973, 1.8486236087082182
1.974, 1.8489483983958648
1.975, 1.8492727497708423
1.976, 1.849596663424666
1.977, 1.849920139948053
1.978, 1.8502431799309225
1.979, 1.850565783962398
1.98, 1.850887952630808
1.981, 1.8512096865236871
1.982, 1.8515309862277771
1.983, 1.8518518523290275
1.984, 1.8521722854125973
1.984375, 1.8524922860628559
1.985, 1.8524922860628559
1.986, 1.852811854863384
1.987, 1.853130992396975
1.988, 1.8534496992456353
1.989, 1.8537679759905863
1.99, 1.8540858232122648
1.991, 1.8544032414903242
1.992, 1.854720231403636
1.993, 1.85503679353029
1.994, 1.8553529284475965
1.995, 1.855668636732086
1.996, 1.8559839189595115
1.997, 1.8562987757048486
1.998, 1.8566132075422972
1.999, 1.8569272150452825
2.0, 1.8572407987864552
2.001, 1.857553959337694
2.0020000000000002, 1.857866697270105
2.003, 1.8581790131540243
2.004, 1.858490907559018
2.005, 1.8588023810538834
2.0060000000000002, 1.8591134342066504
2.007, 1.8594240675845826
2.008, 1.8597342817541773
2.009, 1.860044077281168
2.0100000000000002, 1.8603534547305245
2.011, 1.860662414666454
2.012, 1.8609709576524027
2.013, 1.8612790842510558
2.0140000000000002, 1.8615867950243397
2.015, 1.861894090533422
2.015625, 1.8622009713387133
2.016, 1.8622009713387133
2.017, 1.862507437999868
2.0180000000000002, 1.862813491075785
2.019, 1.863119131124609
2.02, 1.8634243587037314
2.021, 1.8637291743697915
2.0220000000000002, 1.8640335786786775
2.023, 1.864337572185527
2.024, 1.8646411554447293
2.025, 1.8649443290099244
2.0260000000000002, 1.8652470934340057
2.027, 1.865549449269121
2.028, 1.8658513970666717
2.029, 1.8661529373773162
2.0300000000000002, 1.8664540707509694
2.031, 1.8667547977368038
2.03125, 1.8670551188832512
2.032, 1.8670551188832512
2.033, 1.867355034738003
2.0340000000000003, 1.8676545458480116
2.035, 1.867953652759491
2.036, 1.8682523560179187
2.037, 1.8685506561680354
2.0380000000000003, 1.8688485537538468
2.039, 1.8691460493186247
2.04, 1.8694431434049077
2.041, 1.869739836554502
2.0420000000000003, 1.8700361293084828
2.043, 1.870332022207195
2.044, 1.8706275157902545
2.045, 1.8709226105965489
2.0460000000000003, 1.8712173071642382
2.046875, 1.8715116060307564
2.047, 1.8715116060307564
2.048, 1.8718055077328124
2.049, 1.8720990128063906
2.05, 1.872392121786752
2.051, 1.8726848352084358
2.052, 1.8729771536052588
2.053, 1.8732690775103182
2.054, 1.8735606074559916
2.055, 1.8738517439739382
2.056, 1.8741424875950992
2.057, 1.8744328388497
2.058, 1.87472279826725
2.059, 1.8750123663765443
2.06, 1.8753015437056642
2.061, 1.8755903307819781
2.062, 1.8758787281321432
2.0625, 1.8761667362821055
2.063, 1.8761667362821055
2.064, 1.8764543557571016
2.065, 1.8767415870816593
2.066, 1.8770284307795981
2.067, 1.8773148873740308
2.068, 1.8776009573873647
2.069, 1.8778866413413011
2.07, 1.8781719397568382
2.071, 1.8784568531542707
2.072, 1.878741382053191
2.073, 1.879025526972491
2.074, 1.879309288430361
2.075, 1.8795926669442935
2.076, 1.8798756630310816
2.077, 1.8801582772068215
2.078, 1.8804405099869126
2.078125, 1.880722361886059
2.079, 1.880722361886059
2.08, 1.8810038334182697
2.081, 1.8812849250968608
2.082, 1.8815656374344552
2.083, 1.881845970942984
2.084, 1.8821259261336876
2.085, 1.882405503517116
2.086, 1.8826847036031311
2.087, 1.882963526900906
2.088, 1.8832419739189268
2.089, 1.8835200451649934
2.09, 1.8837977411462206
2.091, 1.8840750623690385
2.092, 1.8843520093391941
2.093, 1.8846285825617517
2.09375, 1.8849047825410938
2.094, 1.8849047825410938
2.095, 1.8851806097809227
2.096, 1.8854560647842606
2.097, 1.8857311480534509
2.098, 1.8860058600901592
2.099, 1.8862802013953741
2.1, 1.8865541724694077
2.101, 1.8868277738118975
2.102, 1.8871010059218063
2.103, 1.8873738692974238
2.104, 1.887646364436367
2.105, 1.8879184918355816
2.106, 1.8881902519913423
2.107, 1.8884616453992544
2.108, 1.8887326725542546
2.109, 1.889003333950611
2.109375, 1.889273630081925
2.11, 1.889273630081925
2.111, 1.889543561441132
2.112, 1.889813128520502
2.113, 1.8900823318116406
2.114, 1.8903511718054904
2.115, 1.8906196489923308
2.116, 1.8908877638617803
2.117, 1.8911555169027958
2.118, 1.8914229086036751
2.119, 1.8916899394520565
2.12, 1.8919566099349205
2.121, 1.8922229205385903
2.122, 1.892488871748733
2.123, 1.89275446405036
2.124, 1.8930196979278282
2.125, 1.893284573864841
2.126, 1.893549092344449
2.1270000000000002, 1.8938132538490506
2.128, 1.8940770588603937
2.129, 1.8943405078595756
2.13, 1.8946036013270449
2.1310000000000002, 1.8948663397426013
2.132, 1.895128723585397
2.133, 1.895390753333938
2.134, 1.8956524294660844
2.1350000000000002, 1.895913752459051
2.136, 1.896174722789409
2.137, 1.8964353409330863
2.138, 1.8966956073653687
2.1390000000000002, 1.8969555225609003
2.14, 1.8972150869936848
2.140625, 1.8974743011370865
2.141, 1.8974743011370865
2.142, 1.8977331654638303
2.1430000000000002, 1.8979916804460037
2.144, 1.8982498465550568
2.145, 1.8985076642618035
2.146, 1.8987651340364222
2.1470000000000002, 1.8990222563484571
2.148, 1.8992790316668187
2.149, 1.8995354604597843
2.15, 1.8997915431949997
2.1510000000000002, 1.9000472803394792
2.152, 1.9003026723596073
2.153, 1.9005577197211385
2.154, 1.9008124228891994
2.1550000000000002, 1.9010667823282885
2.156, 1.9013207985022778
2.15625, 1.9015744718744128
2.157, 1.9015744718744128
2.158, 1.9018278029073141
2.1590000000000003, 1.902080792062978
2.16, 1.9023334398027774
2.161, 1.9025857465874623
2.162, 1.9028377128771612
2.1630000000000003, 1.9030893391313815
2.164, 1.9033406258090102
2.165, 1.9035915733683155
2.166, 1.9038421822669471
2.1670000000000003, 1.9040924529619367
2.168, 1.9043423859096997
2.169, 1.9045919815660353
2.17, 1.9048412403861275
2.1710000000000003, 1.905090162824546
2.171875, 1.9053387493352474
2.172, 1.9053387493352474
2.173, 1.9055870003715754
2.174, 1.9058349163862618
2.1750000000000003, 1.906082497831428
2.176, 1.9063297451585843
2.177, 1.9065766588186326
2.178, 1.9068232392618656
2.179, 1.9070694869379687
2.18, 1.9073154022960204
2.181, 1.907560985784493
2.182, 1.907806237851254
2.183, 1.9080511589435658
2.184, 1.9082957495080877
2.185, 1.908540009990876
2.186, 1.9087839408373855
2.187, 1.909027542492469
2.1875, 1.9092708154003797
2.188, 1.9092708154003797
2.189, 1.909513760004771
2.19, 1.9097563767486974
2.191, 1.9099986660746158
2.192, 1.910240628424386
2.193, 1.9104822642392711
2.194, 1.9107235739599393
2.195, 1.9109645580264634
2.196, 1.911205216878323
2.197, 1.911445550954404
2.198, 1.9116855606930003
2.199, 1.9119252465318144
2.2, 1.912164608907958
2.201, 1.9124036482579532
2.202, 1.9126423650177322
2.203, 1.9128807596226398
2.203125, 1.9131188325074329
2.204, 1.9131188325074329
2.205, 1.9133565841062816
2.206, 1.9135940148527701
2.207, 1.9138311251798976
2.208, 1.914067915520079
2.209, 1.9143043863051454
2.21, 1.9145405379663454
2.211, 1.9147763709343453
2.212, 1.9150118856392304
2.213, 1.915247082510506
2.214, 1.9154819619770966
2.215, 1.9157165244673493
2.216, 1.9159507704090322
2.217, 1.9161847002293362
2.218, 1.9164183143548759
2.21875, 1.9166516132116902
2.219, 1.9166516132116902
2.22, 1.916884597225243
2.221, 1.917117266820424
2.222, 1.9173496224215494
2.223, 1.9175816644523629
2.224, 1.9178133933360362
2.225, 1.91804480949517
2.226, 1.918275913351795
2.227, 1.9185067053273719
2.228, 1.9187371858427928
2.229, 1.918967355318382
2.23, 1.919197214173896
2.231, 1.9194267628285253
2.232, 1.9196560017008948
2.233, 1.919884931209064
2.234, 1.9201135517705286
2.234375, 1.9203418638022205
2.235, 1.9203418638022205
2.236, 1.9205698677205094
2.237, 1.9207975639412027
2.238, 1.9210249528795469
2.239, 1.921252034950228
2.24, 1.9214788105673726
2.241, 1.921705280144548
2.242, 1.9219314440947637
2.243, 1.9221573028304715
2.244, 1.922382856763567
2.245, 1.92260810630539
2.246, 1.9228330518667245
2.247, 1.9230576938578008
2.248, 1.9232820326882953
2.249, 1.9235060687673318
2.25, 1.9237298025034815
2.251, 1.9239532343047647
2.2520000000000002, 1.9241763645786507
2.253, 1.9243991937320593
2.254, 1.9246217221713606
2.255, 1.9248439503023766
2.2560000000000002, 1.925065878530382
2.257, 1.925287507260104
2.258, 1.9255088368957236
2.259, 1.925729867840877
2.2600000000000002, 1.9259506004986549
2.261, 1.9261710352716044
2.262, 1.9263911725617295
2.263, 1.9266110127704914
2.2640000000000002, 1.9268305562988097
2.265, 1.9270498035470627
2.265625, 1.9272687549150886
2.266, 1.9272687549150886
2.267, 1.927487410802186
2.2680000000000002, 1.9277057716071146
2.269, 1.927923837728096
2.27, 1.9281416095628143
2.271, 1.928359087508417
2.2720000000000002, 1.9285762719615152
2.273, 1.9287931633181856
2.274, 1.92900976197397
2.275, 1.9292260683238758
2.2760000000000002, 1.9294420827623784
2.277, 1.9296578056834202
2.278, 1.929873237480412
2.279, 1.9300883785462337
2.2800000000000002, 1.9303032292732352
2.281, 1.9305177900532366
2.28125, 1.9307320612775296
2.282, 1.9307320612775296
2.283, 1.9309460433368775
2.2840000000000003, 1.9311597366215163
2.285, 1.9313731415211557
2.286, 1.931586258424979
2.287, 1.9317990877216447
2.2880000000000003, 1.9320116297992866
2.289, 1.9322238850455147
2.29, 1.9324358538474158
2.291, 1.9326475365915545
2.2920000000000003, 1.9328589336639739
2.293, 1.9330700454501957
2.294, 1.9332808723352215
2.295, 1.9334914147035334
2.2960000000000003, 1.9337016729390946
2.296875, 1.93391164742535
2.297, 1.93391164742535
2.298, 1.9341213385452272
2.299, 1.9343307466811368
2.3000000000000003, 1.9345398722149738
2.301, 1.9347487155281173
2.302, 1.934957277001432
2.303, 1.9351655570152686
2.3040000000000003, 1.9353735559494643
2.305, 1.935581274183344
2.306, 1.9357887120957205
2.307, 1.9359958700648954
2.308, 1.9362027484686597
2.309, 1.9364093476842947
2.31, 1.9366156680885727
2.311, 1.9368217100577572
2.312, 1.937027473967604
2.3125, 1.9372329601933622
2.313, 1.9372329601933622
2.314, 1.9374381691097737
2.315, 1.9376431010910753
2.316, 1.9378477565109986
2.317, 1.938052135742771
2.318, 1.9382562391591158
2.319, 1.9384600671322538
2.32, 1.938663620033903
2.321, 1.93886689823528
2.322, 1.9390699021071005
2.323, 1.93927263201958
2.324, 1.9394750883424339
2.325, 1.9396772714448791
2.326, 1.939879181695634
2.327, 1.9400808194629195
2.328, 1.9402821851144598
2.328125, 1.9404832790174826
2.329, 1.9404832790174826
2.33, 1.94068410153872
2.331, 1.940884653044409
2.332, 1.941084933900293
2.333, 1.941284944471621
2.334, 1.9414846851231495
2.335, 1.941684156219143
2.336, 1.9418833581233739
2.337, 1.942082291199124
2.338, 1.942280955809185
2.339, 1.9424793523158586
2.34, 1.9426774810809577
2.341, 1.942875342465807
2.342, 1.9430729368312436
2.343, 1.9432702645376174
2.34375, 1.9434673259447923
2.344, 1.9434673259447923
2.345, 1.9436641214121466
2.346, 1.9438606512985732
2.347, 1.944056915962481
2.348, 1.9442529157617952
2.349, 1.9444486510539578
2.35, 1.9446441221959285
2.351, 1.9448393295441855
2.352, 1.9450342734547255
2.353, 1.945228954283065
2.354, 1.9454233723842407
2.355, 1.9456175281128103
2.356, 1.9458114218228528
2.357, 1.9460050538679694
2.358, 1.9461984246012842
2.359, 1.9463915343754448
2.359375, 1.9465843835426226
2.36, 1.9465843835426226
2.361, 1.9467769724545143
2.362, 1.9469693014623413
2.363, 1.9471613709168514
2.364, 1.947353181168319
2.365, 1.9475447325665456
2.366, 1.947736025460861
2.367, 1.9479270602001235
2.368, 1.9481178371327204
2.369, 1.9483083566065686
2.37, 1.9484986189691162
2.371, 1.9486886245673418
2.372, 1.948878373747756
2.373, 1.9490678668564019
2.374, 1.9492571042388551
2.375, 1.9494460862402254
2.376, 1.9496348132051566
2.3770000000000002, 1.9498232854778275
2.378, 1.9500115034019523
2.379, 1.9501994673207814
2.38, 1.950387177577102
2.3810000000000002, 1.9505746345132386
2.382, 1.9507618384710539
2.383, 1.9509487897919489
2.384, 1.9511354888168644
2.3850000000000002, 1.9513219358862806
2.386, 1.9515081313402185
2.387, 1.9516940755182401
2.388, 1.9518797687594494
2.3890000000000002, 1.9520652114024923
2.39, 1.9522504037855581
2.390625, 1.9524353462463797
2.391, 1.9524353462463797
2.392, 1.952620039122234
2.3930000000000002, 1.9528044827499424
2.394, 1.9529886774658727
2.395, 1.9531726236059381
2.396, 1.9533563215055985
2.3970000000000002, 1.9535397714998612
2.398, 1.9537229739232815
2.399, 1.953905929109963
2.4, 1.9540886373935586
2.4010000000000002, 1.954271099107271
2.402, 1.9544533145838525
2.403, 1.9546352841556076
2.404, 1.9548170081543912
2.4050000000000002, 1.954998486911611
2.406, 1.9551797207582273
2.40625, 1.9553607100247536
2.407, 1.9553607100247536
2.408, 1.9555414550412578
2.4090000000000003, 1.9557219561373618
2.41, 1.955902213642243
2.411, 1.9560822278846344
2.412, 1.9562619991928256
2.4130000000000003, 1.956441527894663
2.414, 1.9566208143175505
2.415, 1.9567998587884503
2.416, 1.9569786616338833
2.4170000000000003, 1.9571572231799297
2.418, 1.9573355437522297
2.419, 1.9575136236759842
2.42, 1.957691463275955
2.4210000000000003, 1.9578690628764657
2.421875, 1.958046422801402
2.422, 1.958046422801402
2.423, 1.958223543374213
2.424, 1.9584004249179108
2.4250000000000003, 1.9585770677550718
2.426, 1.9587534722078372
2.427, 1.9589296385979134
2.428, 1.9591055672465725
2.4290000000000003, 1.959281258474653
2.43, 1.9594567126025608
2.431, 1.959631929950269
2.432, 1.9598069108373188
2.433, 1.959981655582821
2.434, 1.9601561645054544
2.435, 1.960330437923469
2.436, 1.9605044761546846
2.437, 1.9606782795164925
2.4375, 1.9608518483258552
2.438, 1.9608518483258552
2.439, 1.961025182899308
2.44, 1.9611982835529584
2.441, 1.961371150602488
2.442, 1.9615437843631518
2.443, 1.9617161851497795
2.444, 1.9618883532767761
2.445, 1.9620602890581222
2.446, 1.9622319928073748
2.447, 1.9624034648376676
2.448, 1.9625747054617115
2.449, 1.962745714991796
2.45, 1.9629164937397885
2.451, 1.963087042017136
2.452, 1.963257360134865
2.453, 1.9634274484035823
2.453125, 1.9635973071334754
2.454, 1.9635973071334754
2.455, 1.9637669366343131
2.456, 1.9639363372154468
2.457, 1.9641055091858097
2.458, 1.9642744528539184
2.459, 1.9644431685278732
2.46, 1.9646116565153582
2.461, 1.9647799171236429
2.462, 1.9649479506595817
2.463, 1.965115757429615
2.464, 1.9652833377397698
2.465, 1.9654506918956598
2.466, 1.9656178202024865
2.467, 1.9657847229650396
2.468, 1.9659514004876972
2.46875, 1.9661178530744268
2.469, 1.9661178530744268
2.47, 1.9662840810287856
2.471, 1.9664500846539212
2.472, 1.9666158642525722
2.473, 1.9667814201270684
2.474, 1.9669467525793318
2.475, 1.967111861910877
2.476, 1.9672767484228113
2.477, 1.9674414124158364
2.478, 1.9676058541902472
2.479, 1.9677700740459343
2.48, 1.9679340722823828
2.481, 1.9680978491986743
2.482, 1.9682614050934861
2.483, 1.9684247402650932
2.484, 1.9685878550113673
2.484375, 1.968750749629779
2.485, 1.968750749629779
2.486, 1.9689134244173963
2.487, 1.9690758796708874
2.488, 1.9692381156865195
2.489, 1.9694001327601602
2.49, 1.9695619311872778
2.491, 1.9697235112629419
2.492, 1.9698848732818235
2.493, 1.9700460175381966
2.494, 1.9702069443259376
2.495, 1.9703676539385264
2.496, 1.970528146669047
2.497, 1.9706884228101877
2.498, 1.9708484826542418
2.499, 1.9710083264931084
2.5, 1.9711679546182923
2.501, 1.971327367320905
2.5020000000000002, 1.9714865648916653
2.503, 1.9716455476208996
2.504, 1.9718043157985425
2.505, 1.9719628697141374
2.5060000000000002, 1.9721212096568366
2.507, 1.9722793359154027
2.508, 1.9724372487782083
2.509, 1.9725949485332368
2.5100000000000002, 1.972752435468083
2.511, 1.9729097098699537
2.512, 1.973066772025668
2.513, 1.9732236222216581
2.5140000000000002, 1.9733802607439694
2.515, 1.9735366878782614
2.515625, 1.9736929039098081
2.516, 1.9736929039098081
2.517, 1.9738489091234983
2.5180000000000002, 1.9740047038038369
2.519, 1.974160288234944
2.52, 1.9743156627005571
2.521, 1.9744708274840306
2.5220000000000002, 1.974625782868336
2.523, 1.9747805291360634
2.524, 1.9749350665694214
2.525, 1.9750893954502378
2.5260000000000002, 1.9752435160599597
2.527, 1.9753974286796552
2.528, 1.9755511335900122
2.529, 1.9757046310713406
2.5300000000000002, 1.9758579214035714
2.531, 1.976011004866258
2.53125, 1.9761638817385765
2.532, 1.9761638817385765
2.533, 1.9763165522993265
2.5340000000000003, 1.976469016826931
2.535, 1.9766212755994375
2.536, 1.9767733288945182
2.537, 1.9769251769894707
2.5380000000000003, 1.977076820161218
2.539, 1.97722825868631
2.54, 1.9773794928409225
2.541, 1.9775305229008595
2.5420000000000003, 1.9776813491415524
2.543, 1.9778319718380608
2.544, 1.9779823912650734
2.545, 1.9781326076969077
2.5460000000000003, 1.9782826214075115
2.546875, 1.9784324326704628
2.547, 1.9784324326704628
2.548, 1.97858204175897
2.549, 1.9787314489458732
2.5500000000000003, 1.9788806545036444
2.551, 1.9790296587043874
2.552, 1.9791784618198394
2.553, 1.9793270641213703
2.5540000000000003, 1.9794754658799842
2.555, 1.9796236673663195
2.556, 1.9797716688506488
2.557, 1.9799194706028804
2.5580000000000003, 1.9800670728925585
2.559, 1.9802144759888631
2.56, 1.9803616801606114
2.561, 1.9805086856762575
2.562, 1.980655492803893
2.5625, 1.9808021018112485
2.563, 1.9808021018112485
2.564, 1.9809485129656925
2.565, 1.9810947265342331
2.566, 1.981240742783518
2.567, 1.9813865619798348
2.568, 1.981532184389112
2.569, 1.9816776102769194
2.57, 1.9818228399084679
2.571, 1.9819678735486106
2.572, 1.9821127114618435
2.573, 1.9822573539123056
2.574, 1.9824018011637794
2.575, 1.982546053479691
2.576, 1.9826901111231117
2.577, 1.982833974356757
2.578, 1.9829776434429884
2.578125, 1.9831211186438134
2.579, 1.9831211186438134
2.58, 1.9832644002208855
2.581, 1.9834074884355055
2.582, 1.9835503835486212
2.583, 1.9836930858208286
2.584, 1.9838355955123717
2.585, 1.9839779128831434
2.586, 1.9841200381926862
2.587, 1.9842619717001917
2.588, 1.9844037136645023
2.589, 1.9845452643441106
2.59, 1.9846866239971608
2.591, 1.9848277928814484
2.592, 1.9849687712544213
2.593, 1.9851095593731796
2.59375, 1.9852501574944765
2.594, 1.9852501574944765
2.595, 1.9853905658747193
2.596, 1.9855307847699684
2.597, 1.9856708144359392
2.598, 1.9858106551280017
2.599, 1.9859503071011817
2.6, 1.9860897706101603
2.601, 1.9862290459092753
2.602, 1.986368133252521
2.603, 1.986507032893549
2.604, 1.9866457450856687
2.605, 1.9867842700818477
2.606, 1.986922608134712
2.607, 1.9870607594965468
2.608, 1.9871987244192968
2.609, 1.9873365031545667
2.609375, 1.9874740959536217
2.61, 1.9874740959536217
2.611, 1.9876115030673878
2.612, 1.9877487247464525
2.613, 1.987885761241065
2.614, 1.988022612801137
2.615, 1.9881592796762424
2.616, 1.988295762115619
2.617, 1.9884320603681678
2.618, 1.988568174682454
2.619, 1.9887041053067074
2.62, 1.988839852488823
2.621, 1.9889754164763607
2.622, 1.9891107975165467
2.623, 1.9892459958562738
2.624, 1.9893810117421011
2.625, 1.9895158454202553
2.626, 1.9896504971366304
2.6270000000000002, 1.9897849671367893
2.628, 1.9899192556659628
2.629, 1.990053362969051
2.63, 1.9901872892906236
2.6310000000000002, 1.99032103487492
2.632, 1.9904545999658505
2.633, 1.9905879848069956
2.634, 1.9907211896416073
2.6350000000000002, 1.9908542147126096
2.636, 1.9909870602625983
2.637, 1.991119726533842
2.638, 1.9912522137682827
2.6390000000000002, 1.991384522207535
2.64, 1.9915166520928882
2.640625, 1.9916486036653058
2.641, 1.9916486036653058
2.642, 1.9917803771654259
2.6430000000000002, 1.991911972833562
2.644, 1.9920433909097033
2.645, 1.9921746316335152
2.646, 1.9923056952443394
2.6470000000000002, 1.9924365819811949
2.648, 1.992567292082778
2.649, 1.9926978257874628
2.65, 1.992828183333302
2.6510000000000002, 1.9929583649580267
2.652, 1.9930883708990472
2.653, 1.9932182013934538
2.654, 1.9933478566780163
2.6550000000000002, 1.9934773369891854
2.656, 1.9936066425630925
2.65625, 1.9937357736355503
2.657, 1.9937357736355503
2.658, 1.9938647304420534
2.6590000000000003, 1.9939935132177784
2.66, 1.9941221221975847
2.661, 1.9942505576160148
2.662, 1.9943788197072945
2.6630000000000003, 1.9945069087053335
2.664, 1.9946348248437262
2.665, 1.9947625683557513
2.666, 1.9948901394743728
2.6670000000000003, 1.9950175384322404
2.668, 1.9951447654616898
2.669, 1.9952718207947433
2.67, 1.9953987046631099
2.6710000000000003, 1.9955254172981858
2.671875, 1.995651958931055
2.672, 1.995651958931055
2.673, 1.99577832979249
2.674, 1.9959045301129512
2.6750000000000003, 1.9960305601225887
2.676, 1.9961564200512416
2.677, 1.9962821101284387
2.678, 1.9964076305833993
2.6790000000000003, 1.9965329816450335
2.68, 1.996658163541942
2.681, 1.9967831765024175
2.682, 1.9969080207544443
2.6830000000000003, 1.9970326965256993
2.684, 1.9971572040435517
2.685, 1.9972815435350642
2.686, 1.9974057152269928
2.6870000000000003, 1.9975297193457882
2.6875, 1.9976535561175945
2.688, 1.9976535561175945
2.689, 1.9977772257682513
2.69, 1.9979007285232933
2.691, 1.9980240646079506
2.692, 1.9981472342471494
2.693, 1.9982702376655126
2.694, 1.9983930750873597
2.695, 1.9985157467367078
2.696, 1.9986382528372715
2.697, 1.998760593612463
2.698, 1.998882769285394
2.699, 1.9990047800788744
2.7, 1.9991266262154135
2.701, 1.9992483079172203
2.702, 1.9993698254062042
2.703, 1.9994911789039749
2.703125, 1.999612368631843
2.704, 1.999612368631843
2.705, 1.9997333948108207
2.706, 1.9998542576616216
2.707, 1.9999749574046617
2.708, 2.0000954942600595
2.709, 2.000215868447636
2.71, 2.000336080186916
2.711, 2.0004561296971284
2.712, 2.0005760171972056
2.713, 2.000695742905785
2.714, 2.000815307041208
2.715, 2.0009347098215224
2.716, 2.0010539514644816
2.717, 2.0011730321875447
2.718, 2.0012919522078776
2.71875, 2.0014107117423534
2.719, 2.0014107117423534
2.72, 2.001529311007552
2.721, 2.0016477502197607
2.722, 2.001766029594976
2.723, 2.0018841493489026
2.724, 2.002002109696953
2.725, 2.0021199108542502
2.726, 2.0022375530356267
2.727, 2.002355036455625
2.728, 2.0024723613284974
2.729, 2.002589527868208
2.73, 2.002706536288432
2.731, 2.002823386802556
2.732, 2.0029400796236785
2.733, 2.0030566149646103
2.734, 2.0031729930378757
2.734375, 2.0032892140557115
2.735, 2.0032892140557115
2.736, 2.0034052782300686
2.737, 2.0035211857726116
2.738, 2.0036369368947193
2.739, 2.003752531807485
2.74, 2.003867970721718
2.741, 2.003983253847943
2.742, 2.0040983813963997
2.743, 2.0042133535770446
2.744, 2.004328170599551
2.745, 2.004442832673309
2.746, 2.0045573400074264
2.747, 2.0046716928107284
2.748, 2.004785891291759
2.749, 2.00489993565878
2.75, 2.005013826119773
2.751, 2.0051275628824374
2.7520000000000002, 2.0052411461541944
2.753, 2.005354576142184
2.754, 2.005467853053266
2.755, 2.005580977094023
2.7560000000000002, 2.005693948470758
2.757, 2.005806767389494
2.758, 2.0059194340559783
2.759, 2.006031948675679
2.7600000000000002, 2.006144311453788
2.761, 2.006256522595219
2.762, 2.0063685823046105
2.763, 2.006480490786324
2.7640000000000002, 2.0065922482444454
2.765, 2.0067038548827854
2.765625, 2.006815310904879
2.766, 2.006815310904879
2.767, 2.006926616513988
2.7680000000000002, 2.0070377719130974
2.769, 2.007148777304921
2.77, 2.007259632891897
2.771, 2.007370338876192
2.7720000000000002, 2.007480895459698
2.773, 2.007591302844036
2.774, 2.007701561230555
2.775, 2.0078116708203306
2.7760000000000002, 2.0079216318141686
2.777, 2.0080314444126035
2.778, 2.0081411088158987
2.779, 2.0082506252240475
2.7800000000000002, 2.0083599938367738
2.781, 2.0084692148535317
2.78125, 2.008578288473506
2.782, 2.008578288473506
2.783, 2.008687214895612
2.7840000000000003, 2.0087959943184983
2.785, 2.0089046269405437
2.786, 2.0090131129598605
2.787, 2.009121452574293
2.7880000000000003, 2.0092296459814185
2.789, 2.009337693378548
2.79, 2.0094455949627257
2.791, 2.0095533509307306
2.7920000000000003, 2.0096609614790757
2.793, 2.0097684268040084
2.794, 2.0098757471015123
2.795, 2.0099829225673056
2.7960000000000003, 2.0100899533968426
2.796875, 2.0101968397853143
2.797, 2.0101968397853143
2.798, 2.010303581927648
2.799, 2.010410180018507
2.8000000000000003, 2.0105166342522933
2.801, 2.010622944823146
2.802, 2.0107291119249426
2.803, 2.010835135751298
2.8040000000000003, 2.0109410164955666
2.805, 2.0110467543508417
2.806, 2.0111523495099557
2.807, 2.0112578021654812
2.8080000000000003, 2.0113631125097307
2.809, 2.011468280734757
2.81, 2.011573307032354
2.811, 2.011678191594057
2.8120000000000003, 2.0117829346111424
2.8125, 2.0118875362746285
2.813, 2.0118875362746285
2.814, 2.0119919967752757
2.815, 2.0120963163035874
2.816, 2.0122004950498096
2.817, 2.0123045332039315
2.818, 2.0124084309556864
2.819, 2.012512188494551
2.82, 2.0126158060097463
2.821, 2.012719283690238
2.822, 2.0128226217247374
2.823, 2.0129258203017004
2.824, 2.0130288796093287
2.825, 2.0131317998355702
2.826, 2.013234581168119
2.827, 2.0133372237944163
2.828, 2.0134397279016496
2.828125, 2.0135420936767545
2.829, 2.0135420936767545
2.83, 2.0136443213064137
2.831, 2.0137464109770584
2.832, 2.0138483628748687
2.833, 2.013950177185772
2.834, 2.014051854095446
2.835, 2.014153393789318
2.836, 2.0142547964525637
2.837, 2.0143560622701098
2.838, 2.014457191426634
2.839, 2.0145581841065634
2.84, 2.0146590404940774
2.841, 2.014759760773106
2.842, 2.0148603451273317
2.843, 2.0149607937401885
2.84375, 2.0150611067948634
2.844, 2.0150611067948634
2.845, 2.0151612844742957
2.846, 2.0152613269611783
2.847, 2.015361234437957
2.848, 2.015461007086832
2.849, 2.0155606450897574
2.85, 2.015660148628441
2.851, 2.0157595178843466
2.852, 2.015858753038692
2.853, 2.015957854272451
2.854, 2.016056821766354
2.855, 2.0161556557008855
2.856, 2.016254356256288
2.857, 2.0163529236125606
2.858, 2.016451357949459
2.859, 2.0165496594464964
2.859375, 2.0166478282829443
2.86, 2.0166478282829443
2.861, 2.0167458646378313
2.862, 2.016843768689945
2.863, 2.0169415406178324
2.864, 2.017039180599798
2.865, 2.0171366888139066
2.866, 2.017234065437983
2.867, 2.017331310649611
2.868, 2.0174284246261354
2.869, 2.017525407544662
2.87, 2.017622259582057
2.871, 2.017718980914948
2.872, 2.017815571719724
2.873, 2.0179120321725375
2.874, 2.018008362449301
2.875, 2.0181045627256906
2.876, 2.018200633177146
2.8770000000000002, 2.0182965739788696
2.878, 2.018392385305827
2.879, 2.0184880673327483
2.88, 2.0185836202341267
2.8810000000000002, 2.0186790441842213
2.882, 2.0187743393570554
2.883, 2.0188695059264172
2.884, 2.0189645440658612
2.8850000000000002, 2.0190594539487066
2.886, 2.019154235748039
2.887, 2.0192488896367116
2.888, 2.0193434157873424
2.8890000000000002, 2.019437814372318
2.89, 2.0195320855637915
2.890625, 2.019626229533684
2.891, 2.019626229533684
2.892, 2.019720246453685
2.8930000000000002, 2.0198141364952513
2.894, 2.019907899829609
2.895, 2.020001536627753
2.896, 2.0200950470604475
2.8970000000000002, 2.020188431298226
2.898, 2.020281689511392
2.899, 2.0203748218700195
2.9, 2.0204678285439526
2.9010000000000002, 2.020560709702806
2.902, 2.020653465515966
2.903, 2.02074609615259
2.904, 2.020838601781607
2.9050000000000002, 2.0209309825717185
2.906, 2.021023238691398
2.90625, 2.021115370308892
2.907, 2.021115370308892
2.908, 2.0212073775922192
2.9090000000000003, 2.021299260709172
2.91, 2.0213910198273166
2.911, 2.0214826551139926
2.912, 2.0215741667363143
2.9130000000000003, 2.02166555486117
2.914, 2.0217568196552227
2.915, 2.021847961284911
2.916, 2.0219389799164484
2.9170000000000003, 2.0220298757158246
2.918, 2.022120648848805
2.919, 2.022211299480931
2.92, 2.0223018277775213
2.9210000000000003, 2.0223922339036706
2.921875, 2.0224825180242516
2.922, 2.0224825180242516
2.923, 2.0225726803039143
2.924, 2.0226627209070864
2.9250000000000003, 2.0227526399979734
2.926, 2.0228424377405596
2.927, 2.022932114298608
2.928, 2.0230216698356602
2.9290000000000003, 2.0231111045150376
2.93, 2.023200418499841
2.931, 2.023289611952951
2.932, 2.0233786850370286
2.9330000000000003, 2.0234676379145147
2.934, 2.0235564707476317
2.935, 2.023645183698383
2.936, 2.0237337769285526
2.9370000000000003, 2.0238222505997077
2.9375, 2.023910604873196
2.938, 2.023910604873196
2.939, 2.0239988399101474
2.94, 2.0240869558714754
2.9410000000000003, 2.024174952917876
2.942, 2.024262831209828
2.943, 2.0243505909075936
2.944, 2.0244382321712195
2.945, 2.0245257551605356
2.946, 2.0246131600351562
2.947, 2.0247004469544803
2.948, 2.024787616077692
2.949, 2.0248746675637603
2.95, 2.02496160157144
2.951, 2.025048418259271
2.952, 2.02513511778558
2.953, 2.02522170030848
2.953125, 2.0253081659858694
2.954, 2.0253081659858694
2.955, 2.0253945149754355
2.956, 2.0254807474346515
2.957, 2.025566863520778
2.958, 2.0256528633908637
2.959, 2.0257387472017454
2.96, 2.0258245151100485
2.961, 2.0259101672721864
2.962, 2.025995703844362
2.963, 2.026081124982567
2.964, 2.026166430842583
2.965, 2.0262516215799806
2.966, 2.0263366973501213
2.967, 2.0264216583081565
2.968, 2.0265065046090283
2.96875, 2.02659123640747
2.969, 2.02659123640747
2.97, 2.026675853858005
2.971, 2.0267603571149504
2.972, 2.0268447463324124
2.973, 2.026929021664291
2.974, 2.0270131832642773
2.975, 2.027097231285856
2.976, 2.027181165882305
2.977, 2.0272649872066935
2.978, 2.027348695411886
2.979, 2.0274322906505393
2.98, 2.027515773075106
2.981, 2.027599142837831
2.982, 2.0276824000907547
2.983, 2.027765544985712
2.984, 2.027848577674334
2.984375, 2.0279314983080448
2.985, 2.0279314983080448
2.986, 2.0280143070380667
2.987, 2.0280970040154167
2.988, 2.028179589390908
2.989, 2.02826206331515
2.99, 2.0283444259385495
2.991, 2.02842667741131
2.992, 2.028508817883433
2.993, 2.028590847504716
2.994, 2.028672766424756
2.995, 2.0287545747929467
2.996, 2.0288362727584817
2.997, 2.0289178604703517
2.998, 2.0289993380773477
2.999, 2.0290807057280587
3.0, 2.029161963570874
3.001, 2.0292431117539826
3.0020000000000002, 2.029324150425373
3.003, 2.0294050797328342
3.004, 2.0294858998239564
3.005, 2.0295666108461297
3.0060000000000002, 2.0296472129465455
3.007, 2.029727706272197
3.008, 2.029808090969879
3.009, 2.029888367186187
3.0100000000000002, 2.0299685350675203
3.011, 2.03004859476008
3.012, 2.0301285464098697
3.013, 2.0302083901626964
3.0140000000000002, 2.0302881261641694
3.015, 2.0303677545597028
3.015625, 2.030447275494513
3.016, 2.030447275494513
3.017, 2.030526689113622
3.0180000000000002, 2.030605995561855
3.019, 2.0306851949838425
3.02, 2.0307642875240184
3.021, 2.0308432733266235
3.0220000000000002, 2.0309221525357026
3.023, 2.031000925295107
3.024, 2.031079591748493
3.025, 2.031158152039324
3.0260000000000002, 2.031236606310869
3.027, 2.031314954706204
3.028, 2.031393197368212
3.029, 2.0314713344395834
3.0300000000000002, 2.031549366062815
3.031, 2.031627292380213
3.03125, 2.031705113533889
3.032, 2.031705113533889
3.033, 2.0317828296657656
3.0340000000000003, 2.031860440917572
3.035, 2.0319379474308468
3.036, 2.032015349346938
3.037, 2.0320926468070017
3.0380000000000003, 2.032169839952005
3.039, 2.0322469289227234
3.04, 2.032323913859743
3.041, 2.0324007949034604
3.0420000000000003, 2.0324775721940824
3.043, 2.0325542458716264
3.044, 2.0326308160759217
3.045, 2.0327072829466077
3.0460000000000003, 2.032783646623136
3.046875, 2.0328599072447706
3.047, 2.0328599072447706
3.048, 2.0329360649505865
3.049, 2.0330121198794715
3.0500000000000003, 2.0330880721701257
3.051, 2.0331639219610627
3.052, 2.0332396693906083
3.053, 2.0333153145969023
3.0540000000000003, 2.0333908577178974
3.055, 2.0334662988913608
3.056, 2.0335416382548734
3.057, 2.033616875945831
3.0580000000000003, 2.033692012101443
3.059, 2.033767046858734
3.06, 2.0338419803545444
3.061, 2.033916812725529
3.0620000000000003, 2.033991544108159
3.0625, 2.0340661746387205
3.063, 2.0340661746387205
3.064, 2.0341407044533164
3.065, 2.0342151336878658
3.0660000000000003, 2.034289462478104
3.067, 2.0343636909595832
3.068, 2.0344378192676733
3.069, 2.0345118475375608
3.0700000000000003, 2.03458577590425
3.071, 2.034659604502563
3.072, 2.0347333334671402
3.073, 2.03480696293244
3.074, 2.0348804930327393
3.075, 2.034953923902134
3.076, 2.0350272556745392
3.077, 2.0351004884836885
3.078, 2.035173622463136
3.078125, 2.035246657746255
3.079, 2.035246657746255
3.08, 2.035319594466239
3.081, 2.035392432756101
3.082, 2.035465172748676
3.083, 2.0355378145766188
3.084, 2.0356103583724052
3.085, 2.0356828042683324
3.086, 2.0357551523965185
3.087, 2.0358274028889043
3.088, 2.0358995558772515
3.089, 2.035971611493145
3.09, 2.0360435698679913
3.091, 2.03611543113302
3.092, 2.0361871954192834
3.093, 2.0362588628576574
3.09375, 2.0363304335788404
3.094, 2.0363304335788404
3.095, 2.0364019077133553
3.096, 2.036473285391548
3.097, 2.0365445667435895
3.098, 2.0366157518994745
3.099, 2.036686840989022
3.1, 2.0367578341418766
3.101, 2.0368287314875073
3.102, 2.036899533155209
3.103, 2.036970239274101
3.104, 2.03704084997313
3.105, 2.0371113653810666
3.106, 2.0371817856265095
3.107, 2.037252110837883
3.108, 2.037322341143438
3.109, 2.037392476671253
3.109375, 2.0374625175492325
3.11, 2.0374625175492325
3.111, 2.0375324639051096
3.112, 2.0376023158664447
3.113, 2.0376720735606253
3.114, 2.037741737114868
3.115, 2.0378113066562165
3.116, 2.0378807823115443
3.117, 2.0379501642075533
3.118, 2.0380194524707744
3.119, 2.038088647227567
3.12, 2.0381577486041214
3.121, 2.0382267567264565
3.122, 2.0382956717204213
3.123, 2.038364493711695
3.124, 2.0384332228257875
3.125, 2.038501859188039
3.126, 2.038570402923621
3.1270000000000002, 2.0386388541575355
3.128, 2.038707213014616
3.129, 2.038775479619528
3.13, 2.038843654096768
3.1310000000000002, 2.0389117365706646
3.132, 2.0389797271653793
3.133, 2.0390476260049057
3.134, 2.0391154332130697
3.1350000000000002, 2.0391831489135304
3.136, 2.0392507732297798
3.137, 2.0393183062851437
3.138, 2.039385748202781
3.1390000000000002, 2.0394530991056845
3.14, 2.0395203591166813
3.140625, 2.0395875283584326
3.141, 2.0395875283584326
3.142, 2.039654606953434
3.1430000000000002, 2.039721595024015
3.144, 2.039788492692342
3.145, 2.039855300080415
3.146, 2.039922017310069
3.1470000000000002, 2.0399886445029765
3.148, 2.0400551817806436
3.149, 2.0401216292644135
3.15, 2.0401879870754662
3.1510000000000002, 2.040254255334817
3.152, 2.040320434163318
3.153, 2.0403865236816596
3.154, 2.0404525240103677
3.1550000000000002, 2.040518435269806
3.156, 2.0405842575801763
3.15625, 2.040649991061518
3.157, 2.040649991061518
3.158, 2.040715635833708
3.1590000000000003, 2.040781192016462
3.16, 2.0408466597293335
3.161, 2.0409120390917153
3.162, 2.0409773302228387
3.1630000000000003, 2.0410425332417743
3.164, 2.0411076482674324
3.165, 2.041172675418562
3.166, 2.041237614813752
3.1670000000000003, 2.0413024665714317
3.168, 2.04136723080987
3.169, 2.0414319076471767
3.17, 2.0414964972013023
3.1710000000000003, 2.041560999590038
3.171875, 2.041625414931015
3.172, 2.041625414931015
3.173, 2.0416897433417076
3.174, 2.0417539849394304
3.1750000000000003, 2.04181813984134
3.176, 2.0418822081644343
3.177, 2.041946190025554
3.178, 2.0420100855413823
3.1790000000000003, 2.0420738948284445
3.18, 2.042137618003108
3.181, 2.0422012551815847
3.182, 2.0422648064799285
3.1830000000000003, 2.042328272014037
3.184, 2.0423916518996514
3.185, 2.0424549462523567
3.186, 2.042518155187582
3.1870000000000003, 2.0425812788206006
3.1875, 2.04264431726653
3.188, 2.04264431726653
3.189, 2.042707270640333
3.19, 2.042770139056816
3.1910000000000003, 2.0428329226306317
3.192, 2.0428956214762777
3.193, 2.0429582357080966
3.194, 2.0430207654402777
3.1950000000000003, 2.0430832107868553
3.196, 2.04314557186171
3.197, 2.043207848778569
3.198, 2.043270041651006
3.1990000000000003, 2.0433321505924407
3.2, 2.043394175716141
3.201, 2.0434561171352206
3.202, 2.0435179749626418
3.203, 2.0435797493112133
3.203125, 2.0436414402935927
3.204, 2.0436414402935927
3.205, 2.0437030480222846
3.206, 2.0437645726096423
3.207, 2.043826014167867
3.208, 2.0438873728090092
3.209, 2.043948648644968
3.21, 2.0440098417874903
3.211, 2.044070952348174
3.212, 2.0441319804384657
3.213, 2.044192926169661
3.214, 2.0442537896529065
3.215, 2.0443145709991972
3.216, 2.0443752703193794
3.217, 2.0444358877241497
3.218, 2.0444964233240555
3.21875, 2.0445568772294944
3.219, 2.0445568772294944
3.22, 2.0446172495507153
3.221, 2.0446775403978186
3.222, 2.0447377498807557
3.223, 2.04479787810933
3.224, 2.0448579251931966
3.225, 2.044917891241862
3.226, 2.0449777763646857
3.227, 2.0450375806708796
3.228, 2.0450973042695075
3.229, 2.045156947269487
3.23, 2.045216509779588
3.231, 2.0452759919084333
3.232, 2.0453353937645007
3.233, 2.04539471545612
3.234, 2.045453957091475
3.234375, 2.0455131187786044
3.235, 2.0455131187786044
3.236, 2.0455722006254002
3.237, 2.0456312027396093
3.238, 2.045690125228833
3.239, 2.0457489682005274
3.24, 2.0458077317620034
3.241, 2.0458664160204276
3.242, 2.0459250210828217
3.243, 2.045983547056063
3.244, 2.0460419940468837
3.245, 2.0461003621618734
3.246, 2.046158651507477
3.247, 2.0462168621899965
3.248, 2.0462749943155893
3.249, 2.0463330479902706
3.25, 2.0463910233199116
3.251, 2.0464489204102416
3.2520000000000002, 2.0465067393668464
3.253, 2.0465644802951695
3.254, 2.0466221433005125
3.255, 2.0466797284880345
3.2560000000000002, 2.0467372359627527
3.257, 2.046794665829543
3.258, 2.046852018193139
3.259, 2.0469092931581336
3.2600000000000002, 2.0469664908289786
3.261, 2.0470236113099847
3.262, 2.0470806547053213
3.263, 2.0471376211190178
3.2640000000000002, 2.047194510654963
3.265, 2.0472513234169054
3.265625, 2.047308059508454
3.266, 2.047308059508454
3.267, 2.047364719033077
3.2680000000000002, 2.0474213020941043
3.269, 2.047477808794725
3.27, 2.0475342392379905
3.271, 2.0475905935268113
3.2720000000000002, 2.0476468717639604
3.273, 2.0477030740520714
3.274, 2.04775920049364
3.275, 2.047815251191023
3.2760000000000002, 2.047871226246439
3.277, 2.0479271257619693
3.278, 2.047982949839557
3.279, 2.0480386985810073
3.2800000000000002, 2.0480943720879887
3.281, 2.0481499704620325
3.28125, 2.048205493804532
3.282, 2.048205493804532
3.283, 2.048260942216745
3.2840000000000003, 2.0483163157997915
3.285, 2.048371614654656
3.286, 2.048426838882186
3.287, 2.048481988583093
3.2880000000000003, 2.0485370638579528
3.289, 2.0485920648072056
3.29, 2.0486469915311556
3.291, 2.048701844129972
3.2920000000000003, 2.048756622703689
3.293, 2.0488113273522055
3.294, 2.048865958175285
3.295, 2.048920515272558
3.2960000000000003, 2.048974809650289
3.296875, 2.049027926503977
3.297, 2.049027926503977
3.298, 2.0490789842343338
3.299, 2.0491271463863
3.3000000000000003, 2.0491716311374053
3.301, 2.049211718888803
3.302, 2.0492467460795845
3.303, 2.049276114639764
3.3040000000000003, 2.04929929496506
3.305, 2.0493158273343406
3.306, 2.0493253219738388
3.307, 2.049327471953847
3.3080000000000003, 2.0493220423999907
3.309, 2.0493088670968795
3.31, 2.049287844577883
3.311, 2.049258933867869
3.3120000000000003, 2.0492221868062472
3.3125, 2.049177716180887
3.313, 2.049177716180887
3.314, 2.0491256898082684
3.315, 2.0490663250187016
3.3160000000000003, 2.048999883531875
3.317, 2.0489267110453544
3.318, 2.048847198879918
3.319, 2.048761781594223
3.3200000000000003, 2.0486709407456143
3.321, 2.0485752215735062
3.322, 2.048475317880466
3.323, 2.0483721375159827
3.3240000000000003, 2.0482666093072215
3.325, 2.04815938461984
3.326, 2.048050918589985
3.327, 2.047941565325259
3.3280000000000003, 2.0478316728617716
3.328125, 2.047721649211719
3.329, 2.047721649211719
3.33, 2.0476117740416266
3.331, 2.0475020471511156
3.332, 2.047392468340079
3.333, 2.0472830374086795
3.334, 2.0471737541573494
3.335, 2.04706461838679
3.336, 2.0469556298979725
3.337, 2.046846788492136
3.338, 2.0467380939707875
3.339, 2.0466295461357027
3.34, 2.046521144788924
3.341, 2.0464128897327623
3.342, 2.046304780769794
3.343, 2.0461968177028615
3.34375, 2.046089000335075
3.344, 2.046089000335075
3.345, 2.045981328469809
3.346, 2.045873801910704
3.347, 2.045766420461665
3.348, 2.0456591839268623
3.349, 2.0455520921107304
3.35, 2.045445144817967
3.351, 2.0453383418535336
3.352, 2.0452316830226556
3.353, 2.045125168130821
3.354, 2.045018796983779
3.355, 2.0449125693875434
3.356, 2.0448064851483876
3.357, 2.0447005440728474
3.358, 2.0445947459677196
3.359, 2.0444890906400612
3.359375, 2.044383577897191
3.36, 2.044383577897191
3.361, 2.044278207546686
3.362, 2.044172979396384
3.363, 2.044067893254382
3.364, 2.0439629489290363
3.365, 2.0438581462289607
3.366, 2.043753484963028
3.367, 2.0436489649403695
3.368, 2.043544585970373
3.369, 2.0434403478626844
3.37, 2.0433362504272057
3.371, 2.0432322934740963
3.372, 2.043128476813771
3.373, 2.0430248002569007
3.374, 2.0429212636144123
3.375, 2.0428178666974874
3.376, 2.0427146093175623
3.3770000000000002, 2.042611491286328
3.378, 2.0425085124157296
3.379, 2.0424056725179662
3.38, 2.04230297140549
3.3810000000000002, 2.042200408891006
3.382, 2.042097984787473
3.383, 2.041995698908101
3.384, 2.0418935510663534
3.3850000000000002, 2.041791541075944
3.386, 2.0416896687508386
3.387, 2.0415879339052543
3.388, 2.0414863363536586
3.3890000000000002, 2.0413848759107696
3.39, 2.041283552391555
3.390625, 2.0411823656112333
3.391, 2.0411823656112333
3.392, 2.041081315385271
3.3930000000000002, 2.0409804015293838
3.394, 2.0408796238595373
3.395, 2.040778982191944
3.396, 2.0406784763430657
3.3970000000000002, 2.040578106129611
3.398, 2.0404778713685356
3.399, 2.0403777718770435
3.4, 2.0402778074725845
3.4010000000000002, 2.040177977972855
3.402, 2.0400782831957973
3.403, 2.0399787229595994
3.404, 2.0398792970826944
3.4050000000000002, 2.039780005383761
3.406, 2.0396808476817223
3.40625, 2.0395818237957455
3.407, 2.0395818237957455
3.408, 2.0394829335452425
3.4090000000000003, 2.039384176749868
3.41, 2.0392855532295213
3.411, 2.039187062804344
3.412, 2.03908870529472
3.4130000000000003, 2.038990480521276
3.414, 2.0388923883048817
3.415, 2.0387944284666473
3.416, 2.0386966008279246
3.4170000000000003, 2.0385989052103066
3.418, 2.0385013414356274
3.419, 2.0384039093259614
3.42, 2.0383066087036226
3.4210000000000003, 2.0382094393911654
3.421875, 2.0381124012113836
3.422, 2.0381124012113836
3.423, 2.0380154939873103
3.424, 2.0379187175422167
3.4250000000000003, 2.037822071699613
3.426, 2.037725556283248
3.427, 2.037629171117107
3.428, 2.0375329160254148
3.4290000000000003, 2.0374367908326314
3.43, 2.037340795363455
3.431, 2.0372449294428203
3.432, 2.0371491928958974
3.4330000000000003, 2.0370535855480933
3.434, 2.03695810722505
3.435, 2.0368627577526452
3.436, 2.036767536956991
3.4370000000000003, 2.0366724446644353
3.4375, 2.036577480701559
3.438, 2.036577480701559
3.439, 2.0364826448951776
3.44, 2.0363879370723406
3.4410000000000003, 2.0362933570603308
3.442, 2.0361989046866635
3.443, 2.0361045797790878
3.444, 2.036010382165584
3.4450000000000003, 2.035916311674366
3.446, 2.0358223681338785
3.447, 2.035728551372798
3.448, 2.0356348612200317
3.4490000000000003, 2.0355412975047185
3.45, 2.0354478600562276
3.451, 2.0353545487041584
3.452, 2.0352613632783405
3.4530000000000003, 2.035168303608833
3.453125, 2.0350753695259236
3.454, 2.0350753695259236
3.455, 2.03498256086013
3.456, 2.034889877442199
3.457, 2.034797319103104
3.458, 2.034704885674049
3.459, 2.034612576986463
3.46, 2.0345203928720053
3.461, 2.03442833316256
3.462, 2.034336397690239
3.463, 2.034244586287382
3.464, 2.034152898786553
3.465, 2.0340613350205428
3.466, 2.033969894822368
3.467, 2.0338785780252704
3.468, 2.0337873844627166
3.46875, 2.0336963139683983
3.469, 2.0336963139683983
3.47, 2.0336053663762317
3.471, 2.033514541520357
3.472, 2.033423839235138
3.473, 2.033333259355162
3.474, 2.03324280171524
3.475, 2.0331524661504057
3.476, 2.0330622524959154
3.477, 2.0329721605872475
3.478, 2.0328821902601026
3.479, 2.0327923413504037
3.48, 2.0327026136942936
3.481, 2.032613007128138
3.482, 2.0325235214885224
3.483, 2.0324341566122532
3.484, 2.032344912336357
3.484375, 2.03225578849808
3.485, 2.03225578849808
3.486, 2.0321667849348883
3.487, 2.0320779014844677
3.488, 2.031989137984722
3.489, 2.031900494273775
3.49, 2.031811970189968
3.491, 2.0317235655718617
3.492, 2.031635280258233
3.493, 2.031547114088078
3.494, 2.031459066900608
3.495, 2.0313711385352535
3.496, 2.0312833288316607
3.497, 2.0311956376296925
3.498, 2.031108064769427
3.499, 2.031020610091159
3.5, 2.0309332734353993
3.501, 2.0308460546428724
3.5020000000000002, 2.030758953554519
3.503, 2.030671970011494
3.504, 2.030585103855167
3.505, 2.0304983549271207
3.5060000000000002, 2.030411723069153
3.507, 2.030325208123274
3.508, 2.030238809931708
3.509, 2.030152528336892
3.5100000000000002, 2.0300663631814753
3.511, 2.0299803143083195
3.512, 2.0298943815604984
3.513, 2.029808564781298
3.5140000000000002, 2.0297228638142153
3.515, 2.0296372785029586
3.515625, 2.0295518086914472
3.516, 2.0295518086914472
3.517, 2.0294664542238112
3.5180000000000002, 2.0293812149443906
3.519, 2.0292960906977355
3.52, 2.029211081328606
3.521, 2.0291261866819723
3.5220000000000002, 2.029041406603013
3.523, 2.0289567409371156
3.524, 2.0288721895298765
3.525, 2.0287877522271005
3.5260000000000002, 2.0287034288748007
3.527, 2.028619219319198
3.528, 2.0285351234067197
3.529, 2.0284511409840023
3.5300000000000002, 2.0283672718978876
3.531, 2.0282835159954247
3.53125, 2.0281998731238695
3.532, 2.0281998731238695
3.533, 2.0281163431306837
3.5340000000000003, 2.0280329258635343
3.535, 2.0279496211702948
3.536, 2.0278664288990433
3.537, 2.0277833488980637
3.5380000000000003, 2.0277003810158436
3.539, 2.0276175251010757
3.54, 2.0275347810026574
3.541, 2.027452148569689
3.5420000000000003, 2.0273696276514745
3.543, 2.0272872180975225
3.544, 2.0272049197575432
3.545, 2.027122732481451
3.5460000000000003, 2.0270406561193615
3.546875, 2.0269586905215933
3.547, 2.0269586905215933
3.548, 2.026876835538667
3.549, 2.026795091021304
3.5500000000000003, 2.0267134568204295
3.551, 2.026631932787167
3.552, 2.026550518772843
3.553, 2.026469214628984
3.5540000000000003, 2.026388020207316
3.555, 2.0263069353597665
3.556, 2.0262259599384618
3.557, 2.026145093795728
3.5580000000000003, 2.0260643367840916
3.559, 2.0259836887562765
3.56, 2.025903149565206
3.561, 2.025822719064002
3.5620000000000003, 2.0257423971059842
3.5625, 2.025662183544671
3.563, 2.025662183544671
3.564, 2.025582078233778
3.565, 2.025502081027218
3.5660000000000003, 2.0254221917791018
3.567, 2.025342410343736
3.568, 2.0252627365756246
3.569, 2.025183170329467
3.5700000000000003, 2.02510371146016
3.571, 2.0250243598227957
3.572, 2.024945115272661
3.573, 2.024865977665239
3.5740000000000003, 2.024786946856208
3.575, 2.02470802270144
3.576, 2.024629205057002
3.577, 2.024550493779156
3.5780000000000003, 2.024471888724357
3.578125, 2.024393389749254
3.579, 2.024393389749254
3.58, 2.0243149967106895
3.581, 2.0242367094656992
3.5820000000000003, 2.024158527871512
3.583, 2.024080451785549
3.584, 2.0240024810654242
3.585, 2.0239246155689434
3.586, 2.0238468551541042
3.587, 2.023769199679096
3.588, 2.0236916490023
3.589, 2.0236142029822872
3.59, 2.023536861477821
3.591, 2.023459624347855
3.592, 2.0233824914515326
3.593, 2.023305462648188
3.59375, 2.023228537797344
3.594, 2.023228537797344
3.595, 2.0231517167587145
3.596, 2.023074999392202
3.597, 2.0229983855578983
3.598, 2.0229218751160833
3.599, 2.022845467927226
3.6, 2.0227691638519842
3.601, 2.022692962751203
3.602, 2.022616864485915
3.603, 2.0225408689173414
3.604, 2.0224649759068902
3.605, 2.022389185316156
3.606, 2.022313497006921
3.607, 2.0222379108411532
3.608, 2.022162426681007
3.609, 2.0220870443888237
3.609375, 2.022011763827129
3.61, 2.022011763827129
3.611, 2.021936584858635
3.612, 2.0218615073462387
3.613, 2.0217865311530225
3.614, 2.0217116561422532
3.615, 2.0216368821773822
3.616, 2.0215622091220458
3.617, 2.0214876368400634
3.618, 2.0214131651954386
3.619, 2.021338794052358
3.62, 2.021264523275193
3.621, 2.0211903527284965
3.622, 2.0211162822770046
3.623, 2.021042311785636
3.624, 2.020968441119492
3.625, 2.0208946701438557
3.626, 2.020820998724192
3.6270000000000002, 2.020747426726147
3.628, 2.0206739540155487
3.629, 2.020600580458406
3.63, 2.020527305920909
3.6310000000000002, 2.020454130269427
3.632, 2.0203810533705115
3.633, 2.0203080750908926
3.634, 2.0202351952974813
3.6350000000000002, 2.0201624138573675
3.636, 2.0200897306378205
3.637, 2.020017145506289
3.638, 2.0199446583304006
3.6390000000000002, 2.0198722689779616
3.64, 2.019799977316956
3.640625, 2.019727783215547
3.641, 2.019727783215547
3.642, 2.0196556865420754
3.6430000000000002, 2.019583687165059
3.644, 2.019511784953194
3.645, 2.019439979775353
3.646, 2.019368271500586
3.6470000000000002, 2.01929665999812
3.648, 2.0192251451373573
3.649, 2.0191537267878776
3.65, 2.0190824048194367
3.6510000000000002, 2.019011179101965
3.652, 2.0189400495055696
3.653, 2.0188690159005325
3.654, 2.0187980781573103
3.6550000000000002, 2.0187272361465354
3.656, 2.018656489739014
3.65625, 2.0185858388057265
3.657, 2.0185858388057265
3.658, 2.018515283217828
3.6590000000000003, 2.0184448228466474
3.66, 2.018374457563687
3.661, 2.0183041872406227
3.662, 2.0182340117493034
3.6630000000000003, 2.018163930961751
3.664, 2.0180939447501602
3.665, 2.018024052986898
3.666, 2.0179542555445042
3.6670000000000003, 2.0178845522956896
3.668, 2.0178149431133376
3.669, 2.017745427870503
3.67, 2.017676006440412
3.6710000000000003, 2.0176066786964615
3.671875, 2.0175374445122194
3.672, 2.0175374445122194
3.673, 2.017468303761424
3.674, 2.017399256317985
3.6750000000000003, 2.017330302055981
3.676, 2.017261440849661
3.677, 2.0171926725734446
3.678, 2.017123997101919
3.6790000000000003, 2.017055414309842
3.68, 2.0169869240721403
3.681, 2.0169185262639093
3.682, 2.016850220760413
3.6830000000000003, 2.016782007437083
3.684, 2.01671388616952
3.685, 2.0166458568334926
3.686, 2.016577919304936
3.6870000000000003, 2.0165100734599535
3.6875, 2.016442319174816
3.688, 2.016442319174816
3.689, 2.0163746563259606
3.69, 2.0163070847899918
3.6910000000000003, 2.01623960444368
3.692, 2.0161722151639627
3.693, 2.0161049168279424
3.694, 2.0160377093128883
3.6950000000000003, 2.0159705924962354
3.696, 2.0159035662555835
3.697, 2.0158366304686974
3.698, 2.0157697850135077
3.6990000000000003, 2.015703029768109
3.7, 2.015636364610761
3.701, 2.015569789419887
3.702, 2.0155033040740746
3.7030000000000003, 2.015436908452076
3.703125, 2.015370602432806
3.704, 2.015370602432806
3.705, 2.0153043858953437
3.706, 2.0152382587189304
3.7070000000000003, 2.0151722207829708
3.708, 2.0151062719670327
3.709, 2.0150404121508463
3.71, 2.014974641214304
3.7110000000000003, 2.0149089590374603
3.712, 2.014843365500531
3.713, 2.014777860483895
3.714, 2.0147124438680906
3.715, 2.014647115533819
3.716, 2.014581875361942
3.717, 2.014516723233482
3.718, 2.0144516590296218
3.71875, 2.0143866826317045
3.719, 2.0143866826317045
3.72, 2.014321793921234
3.721, 2.0142569927798735
3.722, 2.0141922790894458
3.723, 2.0141276527319336
3.724, 2.014063113589479
3.725, 2.0139986615443823
3.726, 2.013934296479104
3.727, 2.0138700182762617
3.728, 2.0138058268186323
3.729, 2.013741721989151
3.73, 2.013677703670911
3.731, 2.013613771747162
3.732, 2.013549926101313
3.733, 2.013486166616929
3.734, 2.0134224931777336
3.734375, 2.0133589056676056
3.735, 2.0133589056676056
3.736, 2.0132954039705817
3.737, 2.0132319879708547
3.738, 2.013168657552774
3.739, 2.0131054126008445
3.74, 2.0130422529997274
3.741, 2.012979178634239
3.742, 2.012916189389352
3.743, 2.0128532851501935
3.744, 2.012790465802046
3.745, 2.012727731230347
3.746, 2.0126650813206877
3.747, 2.012602515958815
3.748, 2.012540035030629
3.749, 2.012477638422184
3.75, 2.0124153260196884
3.751, 2.012353097709504
3.7520000000000002, 2.012290953378146
3.753, 2.012228892912282
3.754, 2.0121669161987334
3.755, 2.012105023124475
3.7560000000000002, 2.012043213576632
3.757, 2.011981487442484
3.758, 2.011919844609462
3.759, 2.0118582849651485
3.7600000000000002, 2.011796808397278
3.761, 2.0117354147937365
3.762, 2.0116741040425614
3.763, 2.011612876031941
3.7640000000000002, 2.0115517306502153
3.765, 2.0114906677858735
3.765625, 2.0114296873275563
3.766, 2.0114296873275563
3.767, 2.011368789164055
3.7680000000000002, 2.01130797318431
3.769, 2.011247239277412
3.77, 2.011186587332602
3.771, 2.011126017239269
3.7720000000000002, 2.011065528886953
3.773, 2.0110051221653413
3.774, 2.010944796964272
3.775, 2.0108845531737307
3.7760000000000002, 2.010824390683851
3.777, 2.010764309384916
3.778, 2.0107043091673558
3.779, 2.010644389921749
3.7800000000000002, 2.0105845515388223
3.781, 2.0105247939094486
3.78125, 2.010465116924649
3.782, 2.010465116924649
3.783, 2.0104055204755915
3.7840000000000003, 2.0103460044535906
3.785, 2.010286568750108
3.786, 2.010227213256752
3.787, 2.0101679378652757
3.7880000000000003, 2.0101087424675805
3.789, 2.010049626955712
3.79, 2.0099905912218623
3.791, 2.0099316351583685
3.7920000000000003, 2.0098727586577136
3.793, 2.009813961612525
3.794, 2.0097552439155755
3.795, 2.0096966054597827
3.7960000000000003, 2.009638046138208
3.796875, 2.0095795658440583
3.797, 2.0095795658440583
3.798, 2.009521164470683
3.799, 2.009462841911577
3.8000000000000003, 2.0094045980603776
3.801, 2.009346432810867
3.802, 2.00928834605697
3.803, 2.0092303376927543
3.8040000000000003, 2.009172407612431
3.805, 2.0091145557103536
3.806, 2.0090567818810183
3.807, 2.008999086019064
3.8080000000000003, 2.008941468019272
3.809, 2.0088839277765644
3.81, 2.008826465186006
3.811, 2.0087690801428035
3.8120000000000003, 2.0087117725423043
3.8125, 2.0086545422799977
3.813, 2.0086545422799977
3.814, 2.008597389251513
3.815, 2.0085403133526216
3.8160000000000003, 2.0084833144792347
3.817, 2.0084263925274044
3.818, 2.0083695473933227
3.819, 2.0083127789733224
3.8200000000000003, 2.008256087163875
3.821, 2.008199471861593
3.822, 2.008142932963228
3.823, 2.00808647036567
3.8240000000000003, 2.00803008396595
3.825, 2.007973773661236
3.826, 2.007917539348836
3.827, 2.007861380926197
3.8280000000000003, 2.0078052982909025
3.828125, 2.007749291340676
3.829, 2.007749291340676
3.83, 2.0076933599733784
3.831, 2.007637504087008
3.8320000000000003, 2.0075817235797015
3.833, 2.007526018349733
3.834, 2.0074703882955136
3.835, 2.007414833315591
3.8360000000000003, 2.007359353308651
3.837, 2.007303948173515
3.838, 2.0072486178091418
3.839, 2.007193362114626
3.84, 2.0071381809891986
3.841, 2.0070830743322268
3.842, 2.007028042043213
3.843, 2.0069730840217956
3.84375, 2.006918200167749
3.844, 2.006918200167749
3.845, 2.0068633903809814
3.846, 2.0068086545615373
3.847, 2.006753992609596
3.848, 2.006699404425471
3.849, 2.006644889909611
3.85, 2.006590448962598
3.851, 2.006536081485149
3.852, 2.006481787378115
3.853, 2.006427566542481
3.854, 2.006373418879364
3.855, 2.006319344290017
3.856, 2.006265342675824
3.857, 2.0062114139383036
3.858, 2.006157557979106
3.859, 2.0061037747000157
3.859375, 2.0060500640029484
3.86, 2.0060500640029484
3.861, 2.0059964257899523
3.862, 2.0059428599632088
3.863, 2.00588936642503
3.864, 2.0058359450778616
3.865, 2.0057825958242788
3.866, 2.0057293185669898
3.867, 2.005676113208833
3.868, 2.0056229796527796
3.869, 2.0055699178019295
3.87, 2.0055169275595155
3.871, 2.0054640088288993
3.872, 2.005411161513574
3.873, 2.0053583855171633
3.874, 2.0053056807434193
3.875, 2.0052530470962258
3.876, 2.0052004844795954
3.8770000000000002, 2.0051479927976703
3.878, 2.005095571954722
3.879, 2.0050432218551517
3.88, 2.004990942403489
3.8810000000000002, 2.0049387335043924
3.882, 2.0048865950626498
3.883, 2.0048345269831764
3.884, 2.004782529171017
3.8850000000000002, 2.0047306015313433
3.886, 2.004678743969456
3.887, 2.0046269563907835
3.888, 2.004575238700881
3.8890000000000002, 2.0045235908054315
3.89, 2.004472012610246
3.890625, 2.0044205040212617
3.891, 2.0044205040212617
3.892, 2.0043690649445436
3.8930000000000002, 2.0043176952862822
3.894, 2.004266394952796
3.895, 2.004215163850529
3.896, 2.004164001886052
3.8970000000000002, 2.0041129089660616
3.898, 2.00406188499738
3.899, 2.0040109298869555
3.9, 2.0039600435418623
3.9010000000000002, 2.0039092258693
3.902, 2.003858476776592
3.903, 2.003807796171189
3.904, 2.003757183960665
3.9050000000000002, 2.0037066400527195
3.906, 2.003656164355176
3.90625, 2.0036057567759826
3.907, 2.0036057567759826
3.908, 2.003555417223212
3.9090000000000003, 2.0035051456050605
3.91, 2.0034549418298484
3.911, 2.00340480580602
3.912, 2.0033547374421428
3.9130000000000003, 2.003304736646908
3.914, 2.0032548033291295
3.915, 2.003204937397745
3.916, 2.003155138761814
3.9170000000000003, 2.00310540733052
3.918, 2.0030557430131686
3.919, 2.0030061457191874
3.92, 2.0029566153581264
3.9210000000000003, 2.002907151839658
3.921875, 2.002857755073576
3.922, 2.002857755073576
3.923, 2.0028084249697966
3.924, 2.002759161438357
3.9250000000000003, 2.002709964389416
3.926, 2.0026608337332537
3.927, 2.002611769380271
3.928, 2.00256277124099
3.9290000000000003, 2.0025138392260535
3.93, 2.0024649732462247
3.931, 2.0024161732123877
3.932, 2.0023674390355466
3.9330000000000003, 2.0023187706268253
3.934, 2.0022701678974677
3.935, 2.002221630758838
3.936, 2.00217315912242
3.9370000000000003, 2.0021247528998165
3.9375, 2.0020764120027494
3.938, 2.0020764120027494
3.939, 2.00202813634306
3.94, 2.001979925832709
3.9410000000000003, 2.0019317803837757
3.942, 2.0018836999084577
3.943, 2.001835684319071
3.944, 2.0017877335280505
3.9450000000000003, 2.0017398474479493
3.946, 2.0016920259914377
3.947, 2.001644269071305
3.948, 2.001596576600457
3.9490000000000003, 2.001548948491918
3.95, 2.001501384658829
3.951, 2.0014538850144485
3.952, 2.001406449472152
3.9530000000000003, 2.0013590779454327
3.953125, 2.001311770347899
3.954, 2.001311770347899
3.955, 2.001264526593277
3.956, 2.001217346595409
3.9570000000000003, 2.001170230268253
3.958, 2.0011231775258844
3.959, 2.001076188282493
3.96, 2.0010292624523855
3.9610000000000003, 2.0009823999499843
3.962, 2.0009356006898265
3.963, 2.000888864586565
3.964, 2.0008421915549675
3.9650000000000003, 2.0007955815099177
3.966, 2.000749034366413
3.967, 2.0007025500395663
3.968, 2.0006561284446045
3.96875, 2.0006097694968696
3.969, 2.0006097694968696
3.97, 2.0005634731118174
3.971, 2.0005172392050175
3.972, 2.0004710676921538
3.973, 2.000424958489024
3.974, 2.0003789115115396
3.975, 2.0003329266757253
3.976, 2.0002870038977187
3.977, 2.000241143093772
3.978, 2.0001953441802485
3.979, 2.000149607073626
3.98, 2.0001039316904943
3.981, 2.0000583179475555
3.982, 2.000012765761625
3.983, 1.9999672750496298
3.984, 1.9999218457286088
3.984375, 1.9998764777157132
3.985, 1.9998764777157132
3.986, 1.9998311709282062
3.987, 1.9997859252834622
3.988, 1.9997407406989676
3.989, 1.99969561709232
3.99, 1.9996505543812277
3.991, 1.9996055524835108
3.992, 1.9995606113170998
3.993, 1.9995157308000362
3.994, 1.999470910850472
3.995, 1.9994261513866698
3.996, 1.9993814523270022
3.997, 1.9993368135899523
3.998, 1.999292235094113
3.999, 1.999247716758187
4.0, 1.9992032585009871
4.001, 1.9991588602414352
4.002, 1.9991145218985629
4.003, 1.9990702433915108
4.0040000000000004, 1.999026024639529
4.005, 1.9989818655619764
4.006, 1.9989377660783205
4.007, 1.9988937261081379
4.008, 1.9988497455711134
4.009, 1.9988058243870404
4.01, 1.9987619624758204
4.011, 1.998718159757463
4.0120000000000005, 1.998674416152086
4.013, 1.9986307315799146
4.014, 1.9985871059612816
4.015, 1.9985435392166282
4.015625, 1.9985000312665018
4.016, 1.9985000312665018
4.017, 1.9984565820315578
4.018, 1.9984131914325585
4.019, 1.998369859390373
4.0200000000000005, 1.998326585825977
4.021, 1.9982833706604535
4.022, 1.9982402138149913
4.023, 1.998197115210886
4.024, 1.9981540747695392
4.025, 1.9981110924124588
4.026, 1.9980681680612584
4.027, 1.9980253016376575
4.0280000000000005, 1.997982493063481
4.029, 1.99793974226066
4.03, 1.99789704915123
4.031, 1.9978544136573322
4.03125, 1.997811835701213
4.032, 1.997811835701213
4.033, 1.9977693152052234
4.034, 1.9977268520918197
4.035, 1.9976844462835621
4.0360000000000005, 1.997642097703116
4.037, 1.9975998062732507
4.038, 1.9975575719168401
4.039, 1.997515394556862
4.04, 1.9974732741163979
4.041, 1.9974312105186336
4.042, 1.9973892036868581
4.043, 1.9973472535444643
4.0440000000000005, 1.9973053600149482
4.045, 1.9972635230219091
4.046, 1.9972217424890497
4.046875, 1.9971800183401751
4.047, 1.9971800183401751
4.048, 1.9971383504991937
4.049, 1.9970967388901166
4.05, 1.9970551834370571
4.051, 1.9970136840642312
4.0520000000000005, 1.996972240695957
4.053, 1.9969308532566548
4.054, 1.9968895216708469
4.055, 1.9968482458631576
4.056, 1.9968070257583126
4.057, 1.9967658612811394
4.058, 1.996724752356567
4.059, 1.9966836989096257
4.0600000000000005, 1.9966427008654468
4.061, 1.9966017581492628
4.062, 1.9965608706864069
4.0625, 1.9965200384023132
4.063, 1.9965200384023132
4.064, 1.9964792612225166
4.065, 1.9964385390726522
4.066, 1.9963978718784556
4.067, 1.9963572595657628
4.0680000000000005, 1.9963167020605095
4.069, 1.9962761992887315
4.07, 1.9962357511765645
4.071, 1.9961953576502438
4.072, 1.9961550186361046
4.073, 1.9961147340605807
4.074, 1.9960745038502061
4.075, 1.9960343279316135
4.0760000000000005, 1.9959942062315343
4.077, 1.9959541386767994
4.078, 1.9959141251943382
4.078125, 1.9958741657111785
4.079, 1.9958741657111785
4.08, 1.9958342601544468
4.081, 1.995794408451368
4.082, 1.995754610529265
4.083, 1.9957148663155588
4.0840000000000005, 1.9956751757377686
4.085, 1.9956355387235112
4.086, 1.9955959552005011
4.087, 1.9955564250965505
4.088, 1.9955169483395687
4.089, 1.9954775248575625
4.09, 1.995438154578636
4.091, 1.9953988374309901
4.0920000000000005, 1.9953595733429226
4.093, 1.9953203622428282
4.09375, 1.995281204059198
4.094, 1.995281204059198
4.095, 1.9952420987206203
4.096, 1.9952030461557788
4.097, 1.995164046293454
4.098, 1.9951250990625222
4.099, 1.9950862043919562
4.1, 1.995047362210824
4.101, 1.9950085724482898
4.102, 1.9949698350336134
4.103, 1.9949311498961497
4.104, 1.9948925169653493
4.105, 1.9948539361707578
4.106, 1.994815407442016
4.107, 1.9947769307088594
4.108, 1.9947385059011187
4.109, 1.994700132948719
4.109375, 1.9946618117816803
4.11, 1.9946618117816803
4.111, 1.9946235423301166
4.112, 1.9945853245242366
4.113, 1.994547158294343
4.114, 1.9945090435708324
4.115, 1.9944709802841956
4.116, 1.9944329683650173
4.117, 1.9943950077439754
4.118, 1.9943570983518417
4.119, 1.9943192401194816
4.12, 1.9942814329778533
4.121, 1.9942436768580087
4.122, 1.9942059716910925
4.123, 1.994168317408342
4.124, 1.9941307139410878
4.125, 1.9940931612207529
4.126, 1.994055659178853
4.127, 1.9940182077469961
4.128, 1.9939808068568827
4.1290000000000004, 1.9939434564403054
4.13, 1.9939061564291485
4.131, 1.9938689067553885
4.132, 1.9938317073510938
4.133, 1.9937945581484244
4.134, 1.9937574590796316
4.135, 1.9937204100770587
4.136, 1.9936834110731396
4.1370000000000005, 1.9936464620004
4.138, 1.993609562791456
4.139, 1.9935727133790155
4.14, 1.9935359136958766
4.140625, 1.993499163674928
4.141, 1.993499163674928
4.142, 1.9934624632491493
4.143, 1.9934258123516106
4.144, 1.9933892109154723
4.1450000000000005, 1.9933526588739845
4.146, 1.993316156160488
4.147, 1.993279702708413
4.148, 1.9932432984512802
4.149, 1.9932069433226995
4.15, 1.9931706372563707
4.151, 1.9931343801860828
4.152, 1.9930981720457144
4.1530000000000005, 1.993062012769233
4.154, 1.9930259022906955
4.155, 1.9929898405442479
4.156, 1.9929538274641247
4.15625, 1.9929178629846496
4.157, 1.9929178629846496
4.158, 1.9928819470402344
4.159, 1.9928460795653797
4.16, 1.9928102604946747
4.1610000000000005, 1.9927744897627966
4.162, 1.9927387673045107
4.163, 1.9927030930546705
4.164, 1.9926674669482176
4.165, 1.9926318889201808
4.166, 1.9925963589056772
4.167, 1.9925608768399112
4.168, 1.9925254426581744
4.1690000000000005, 1.9924900562958463
4.17, 1.992454717688393
4.171, 1.9924194267713682
4.171875, 1.9923841834804121
4.172, 1.9923841834804121
4.173, 1.9923489877512524
4.174, 1.9923138395197029
4.175, 1.992278738721664
4.176, 1.9922436852931233
4.1770000000000005, 1.9922086791701543
4.178, 1.9921737202889167
4.179, 1.9921388085856564
4.18, 1.9921039439967054
4.181, 1.9920691264584818
4.182, 1.9920343559074893
4.183, 1.9919996322803173
4.184, 1.9919649555136407
4.1850000000000005, 1.9919303255442202
4.186, 1.9918957423089014
4.187, 1.9918612057446154
4.1875, 1.9918267157883784
4.188, 1.9918267157883784
4.189, 1.9917922723772916
4.19, 1.991757875448541
4.191, 1.9917235249393972
4.192, 1.9916892207872159
4.1930000000000005, 1.991654962929437
4.194, 1.9916207513035848
4.195, 1.9915865858472683
4.196, 1.9915524664981803
4.197, 1.9915183931940978
4.198, 1.9914843658728818
4.199, 1.9914503844724771
4.2, 1.9914164489309123
4.2010000000000005, 1.9913825591862997
4.202, 1.991348715176835
4.203, 1.9913149168407975
4.203125, 1.9912811641165495
4.204, 1.9912811641165495
4.205, 1.9912474569425367
4.206, 1.9912137952572877
4.207, 1.9911801789994141
4.208, 1.9911466081076106
4.2090000000000005, 1.9911130825206542
4.21, 1.991079602177405
4.211, 1.9910461670168054
4.212, 1.9910127769778798
4.213, 1.9909794319997356
4.214, 1.9909461320215618
4.215, 1.9909128769826299
4.216, 1.990879666822293
4.2170000000000005, 1.9908465014799863
4.218, 1.9908133808952266
4.21875, 1.9907803050076123
4.219, 1.9907803050076123
4.22, 1.9907472737568233
4.221, 1.990714287082621
4.222, 1.9906813449248484
4.223, 1.990648447223429
4.224, 1.9906155939183676
4.225, 1.9905827849497504
4.226, 1.990550020257744
4.227, 1.990517299782596
4.228, 1.9904846234646343
4.229, 1.9904519912442677
4.23, 1.9904194030619853
4.231, 1.9903868588583564
4.232, 1.9903543585740306
4.233, 1.9903219021497378
4.234, 1.9902894895262875
4.234375, 1.9902571206445692
4.235, 1.9902571206445692
4.236, 1.9902247954455523
4.237, 1.9901925138702856
4.238, 1.990160275859898
4.239, 1.9901280813555973
4.24, 1.9900959302986707
4.241, 1.990063822630485
4.242, 1.9900317582924856
4.243, 1.9899997372261975
4.244, 1.9899677593732241
4.245, 1.989935824675248
4.246, 1.9899039330740305
4.247, 1.989872084511411
4.248, 1.989840278929308
4.249, 1.9898085162697179
4.25, 1.9897767964747155
4.251, 1.9897451194864542
4.252, 1.9897134852471647
4.253, 1.9896818936991565
4.2540000000000004, 1.9896503447848162
4.255, 1.9896188384466087
4.256, 1.9895873746270762
4.257, 1.9895559532688387
4.258, 1.9895245743145933
4.259, 1.9894932377071148
4.26, 1.989461943389255
4.261, 1.989430691303943
4.2620000000000005, 1.9893994813941847
4.263, 1.9893683136030629
4.264, 1.9893371878737376
4.265, 1.989306104149445
4.265625, 1.9892750623734985
4.266, 1.9892750623734985
4.267, 1.9892440624892873
4.268, 1.9892131044402774
4.269, 1.9891821881700111
4.2700000000000005, 1.9891513136221068
4.271, 1.9891204807402592
4.272, 1.9890896894682386
4.273, 1.9890589397498915
4.274, 1.9890282315291399
4.275, 1.9889975647499818
4.276, 1.9889669393564906
4.277, 1.9889363552928152
4.2780000000000005, 1.9889058125031798
4.279, 1.988875310931884
4.28, 1.9888448505233025
4.281, 1.9888144312218852
4.28125, 1.9887840529721565
4.282, 1.9887840529721565
4.283, 1.9887537157187165
4.284, 1.988723419406239
4.285, 1.9886931639794736
4.2860000000000005, 1.9886629493832435
4.287, 1.9886327755624469
4.288, 1.9886026424620562
4.289, 1.9885725500271183
4.29, 1.9885424982027537
4.291, 1.9885124869341575
4.292, 1.9884825161665987
4.293, 1.9884525858454196
4.2940000000000005, 1.9884226959160372
4.295, 1.9883928463239413
4.296, 1.9883630370146959
4.296875, 1.9883332679339378
4.297, 1.9883332679339378
4.298, 1.9883035390273778
4.299, 1.9882738502407997
4.3, 1.9882442015200605
4.301, 1.9882145928110901
4.3020000000000005, 1.9881850240598917
4.303, 1.988155495212541
4.304, 1.9881260062151869
4.305, 1.9880965570140503
4.306, 1.9880671475554255
4.307, 1.9880377777856786
4.308, 1.9880084476512485
4.309, 1.9879791570986463
4.3100000000000005, 1.9879499060744552
4.311, 1.9879206945253305
4.312, 1.9878915223979994
4.3125, 1.987862389639261
4.313, 1.987862389639261
4.314, 1.9878332961959868
4.315, 1.9878042420151192
4.316, 1.9877752270436724
4.317, 1.9877462512287323
4.3180000000000005, 1.987717314517456
4.319, 1.987688416857072
4.32, 1.9876595581948804
4.321, 1.9876307384782517
4.322, 1.9876019576546278
4.323, 1.9875732156715216
4.324, 1.9875445124765168
4.325, 1.9875158480172677
4.3260000000000005, 1.9874872222414994
4.327, 1.9874586350970076
4.328, 1.987430086531658
4.328125, 1.9874015764933872
4.329, 1.9874015764933872
4.33, 1.987373104930202
4.331, 1.9873446717901788
4.332, 1.9873162770214647
4.333, 1.9872879205722764
4.3340000000000005, 1.9872596023909008
4.335, 1.9872313224256946
4.336, 1.9872030806250836
4.337, 1.987174876937564
4.338, 1.9871467113117007
4.339, 1.987118583696129
4.34, 1.9870904940395526
4.341, 1.9870624422907448
4.3420000000000005, 1.9870344283985482
4.343, 1.987006452311874
4.34375, 1.9869785139797027
4.344, 1.9869785139797027
4.345, 1.9869506133510837
4.346, 1.9869227503751348
4.347, 1.9868949250010428
4.348, 1.986867137178063
4.349, 1.9868393868555192
4.3500000000000005, 1.9868116739828032
4.351, 1.9867839985093756
4.352, 1.986756360384765
4.353, 1.9867287595585683
4.354, 1.9867011959804501
4.355, 1.9866736696001432
4.356, 1.986646180367448
4.357, 1.9866187282322327
4.358, 1.9865913131444335
4.359, 1.9865639350540536
4.359375, 1.986536593911164
4.36, 1.986536593911164
4.361, 1.9865092896659033
4.362, 1.9864820222684771
4.363, 1.986454791669158
4.364, 1.986427597818286
4.365, 1.986400440666268
4.366, 1.986373320163578
4.367, 1.9863462362607567
4.368, 1.9863191889084115
4.369, 1.9862921780572167
4.37, 1.9862652036579127
4.371, 1.986238265661307
4.372, 1.9862113640182728
4.373, 1.98618449867975
4.374, 1.9861576695967451
4.375, 1.9861308767203298
4.376, 1.9861041200016425
4.377, 1.9860773993918872
4.378, 1.986050714842334
4.3790000000000004, 1.9860240663043187
4.38, 1.9859974537292426
4.381, 1.985970877068573
4.382, 1.985944336273842
4.383, 1.985917831296648
4.384, 1.9858913620886538
4.385, 1.9858649286015881
4.386, 1.9858385307872446
4.3870000000000005, 1.9858121685974819
4.388, 1.9857858419842236
4.389, 1.985759550899458
4.39, 1.985733295295239
4.390625, 1.9857070751236838
4.391, 1.9857070751236838
4.392, 1.9856808903369758
4.393, 1.9856547408873617
4.394, 1.9856286267271535
4.3950000000000005, 1.985602547808727
4.396, 1.9855765040845221
4.397, 1.9855504955070438
4.398, 1.9855245220288602
4.399, 1.985498583602604
4.4, 1.9854726801809717
4.401, 1.9854468117167234
4.402, 1.9854209781626833
4.4030000000000005, 1.985395179471739
4.404, 1.985369415596842
4.405, 1.9853436864910068
4.406, 1.9853179921073119
4.40625, 1.9852923323988985
4.407, 1.9852923323988985
4.408, 1.9852667073189716
4.409, 1.9852411168207988
4.41, 1.9852155608577113
4.4110000000000005, 1.985190039383103
4.412, 1.9851645523504309
4.413, 1.9851390997132143
4.414, 1.9851136814250359
4.415, 1.9850882974395405
4.416, 1.9850629477104358
4.417, 1.985037632191492
4.418, 1.9850123508365414
4.4190000000000005, 1.9849871035994786
4.42, 1.9849618904342607
4.421, 1.9849367112949068
4.421875, 1.984911566135498
4.422, 1.984911566135498
4.423, 1.9848864549101775
4.424, 1.9848613775731503
4.425, 1.9848363340786832
4.426, 1.9848113243811047
4.4270000000000005, 1.984786348434805
4.428, 1.9847614061942358
4.429, 1.9847364976139104
4.43, 1.9847116226484032
4.431, 1.98468678125235
4.432, 1.9846619733804483
4.433, 1.9846371989874558
4.434, 1.984612458028192
4.4350000000000005, 1.9845877504575373
4.436, 1.9845630762304327
4.437, 1.9845384353018802
4.4375, 1.9845138276269425
4.438, 1.9845138276269425
4.439, 1.9844892531607428
4.44, 1.984464711858465
4.441, 1.984440203675354
4.442, 1.9844157285667137
4.4430000000000005, 1.9843912864879096
4.444, 1.9843668773943672
4.445, 1.9843425012415719
4.446, 1.984318157985069
4.447, 1.9842938475804643
4.448, 1.9842695699834232
4.449, 1.984245325149671
4.45, 1.9842211130349927
4.4510000000000005, 1.984196933595233
4.452, 1.9841727867862962
4.453, 1.984148672564146
4.453125, 1.9841245908848057
4.454, 1.9841245908848057
4.455, 1.984100541704358
4.456, 1.9840765249789445
4.457, 1.9840525406647664
4.458, 1.984028588718084
4.4590000000000005, 1.9840046690952162
4.46, 1.9839807817525412
4.461, 1.983956926646496
4.462, 1.9839331037335763
4.463, 1.9839093129703367
4.464, 1.9838855543133902
4.465, 1.9838618277194087
4.466, 1.983838133145122
4.4670000000000005, 1.9838144705473189
4.468, 1.983790839882846
4.46875, 1.9837672411086087
4.469, 1.9837672411086087
4.47, 1.9837436741815702
4.471, 1.9837201390587516
4.472, 1.9836966356972323
4.473, 1.9836731640541496
4.474, 1.9836497240866986
4.4750000000000005, 1.983626315752132
4.476, 1.9836029390077607
4.477, 1.9835795938109526
4.478, 1.9835562801191335
4.479, 1.9835329978897864
4.48, 1.9835097470804521
4.481, 1.9834865276487281
4.482, 1.9834633395522696
4.483, 1.9834401827487889
4.484, 1.983417057196055
4.484375, 1.9833939628518944
4.485, 1.9833939628518944
4.486, 1.9833708996741901
4.487, 1.9833478676208822
4.488, 1.9833248666499674
4.489, 1.9833018967194993
4.49, 1.9832789577875878
4.491, 1.9832560498123994
4.492, 1.9832331727521573
4.493, 1.9832103265651408
4.494, 1.983187511209686
4.495, 1.9831647266441843
4.496, 1.9831419728270843
4.497, 1.98311924971689
4.498, 1.9830965572721613
4.499, 1.9830738954515146
4.5, 1.9830512642136218
4.501, 1.9830286635172107
4.502, 1.9830060933210647
4.503, 1.9829835535840228
4.5040000000000004, 1.9829610442649797
4.505, 1.9829385653228853
4.506, 1.982916116716745
4.507, 1.9828936984056198
4.508, 1.9828713103486257
4.509, 1.982848952504934
4.51, 1.9828266248337707
4.511, 1.9828043272944174
4.5120000000000005, 1.9827820598462103
4.513, 1.9827598224485405
4.514, 1.9827376150608542
4.515, 1.982715437642652
4.515625, 1.982693290153489
4.516, 1.982693290153489
4.517, 1.9826711725529755
4.518, 1.9826490848007758
4.519, 1.9826270268566089
4.5200000000000005, 1.9826049986802476
4.521, 1.98258300023152
4.522, 1.9825610314703073
4.523, 1.9825390923565458
4.524, 1.9825171828502253
4.525, 1.9824953029113896
4.526, 1.9824734525001368
4.527, 1.9824516315766185
4.5280000000000005, 1.98242984010104
4.529, 1.9824080780336608
4.53, 1.9823863453347936
4.531, 1.9823646419648047
4.53125, 1.982342967884114
4.532, 1.982342967884114
4.533, 1.9823213230531949
4.534, 1.9822997074325739
4.535, 1.9822781209828308
4.5360000000000005, 1.982256563664599
4.537, 1.9822350354385645
4.538, 1.9822135362654665
4.539, 1.9821920661060974
4.54, 1.9821706249213025
4.541, 1.9821492126719795
4.542, 1.9821278293190794
4.543, 1.9821064748236057
4.5440000000000005, 1.9820851491466143
4.545, 1.982063852249214
4.546, 1.982042584092566
4.546875, 1.9820213446378836
4.547, 1.9820213446378836
4.548, 1.982000133846433
4.549, 1.9819789516795323
4.55, 1.9819577980985519
4.551, 1.9819366730649142
4.5520000000000005, 1.9819155765400938
4.553, 1.9818945084856172
4.554, 1.981873468863063
4.555, 1.9818524576340617
4.556, 1.9818314747602952
4.557, 1.9818105202034972
4.558, 1.9817895939254533
4.559, 1.9817686958880005
4.5600000000000005, 1.9817478260530275
4.561, 1.981726984382474
4.562, 1.9817061708383317
4.5625, 1.981685385382643
4.563, 1.981685385382643
4.564, 1.9816646279775019
4.565, 1.981643898585053
4.566, 1.981623197167493
4.567, 1.9816025236870685
4.5680000000000005, 1.9815818781060779
4.569, 1.98156126038687
4.57, 1.9815406704918446
4.571, 1.9815201083834522
4.572, 1.9814995740241939
4.573, 1.9814790673766214
4.574, 1.981458588403337
4.575, 1.9814381370669938
4.5760000000000005, 1.9814177133302948
4.577, 1.9813973171559935
4.578, 1.9813769485068937
4.578125, 1.9813566073458493
4.579, 1.9813566073458493
4.58, 1.9813362936357646
4.581, 1.9813160073395935
4.582, 1.9812957484203404
4.583, 1.9812755168410592
4.5840000000000005, 1.981255312564854
4.585, 1.9812351355548785
4.586, 1.9812149857743362
4.587, 1.9811948631864802
4.588, 1.9811747677546132
4.589, 1.9811546994420874
4.59, 1.9811346582123046
4.591, 1.9811146440287157
4.5920000000000005, 1.9810946568548213
4.593, 1.981074696654171
4.59375, 1.9810547633903637
4.594, 1.9810547633903637
4.595, 1.9810348570270475
4.596, 1.9810149775279193
4.597, 1.980995124856725
4.598, 1.9809752989772598
4.599, 1.9809554998533674
4.6000000000000005, 1.9809357274489405
4.601, 1.9809159817279203
4.602, 1.980896262654297
4.603, 1.980876570192109
4.604, 1.9808569043054436
4.605, 1.9808372649584363
4.606, 1.980817652115271
4.607, 1.9807980657401802
4.6080000000000005, 1.9807785057974445
4.609, 1.9807589722513927
4.609375, 1.9807394650664016
4.61, 1.9807394650664016
4.611, 1.9807199842068963
4.612, 1.9807005296373499
4.613, 1.9806811013222834
4.614, 1.9806616992262656
4.615, 1.980642323313913
4.616, 1.9806229735498901
4.617, 1.9806036498989092
4.618, 1.9805843523257298
4.619, 1.9805650807951594
4.62, 1.9805458352720526
4.621, 1.9805266157213117
4.622, 1.9805074221078862
4.623, 1.980488254396773
4.624, 1.9804691125530163
4.625, 1.9804499965417073
4.626, 1.9804309063279844
4.627, 1.980411841877033
4.628, 1.9803928031540854
4.6290000000000004, 1.9803737901244214
4.63, 1.9803548027533668
4.631, 1.9803358410062948
4.632, 1.980316904848625
4.633, 1.980297994245824
4.634, 1.9802791091634047
4.635, 1.9802602495669264
4.636, 1.9802414154219954
4.6370000000000005, 1.9802226066942639
4.638, 1.9802038233494308
4.639, 1.9801850653532413
4.64, 1.9801663326714867
4.640625, 1.9801476252700043
4.641, 1.9801476252700043
4.642, 1.9801289431146778
4.643, 1.9801102861714366
4.644, 1.9800916544062566
4.6450000000000005, 1.9800730477851591
4.646, 1.9800544662742117
4.647, 1.9800359098395273
4.648, 1.9800173784472648
4.649, 1.9799988720636288
4.65, 1.9799803906548694
4.651, 1.9799619341872825
4.652, 1.9799435026272092
4.6530000000000005, 1.9799250959410362
4.654, 1.9799067140951954
4.655, 1.979888357056164
4.656, 1.9798700247904648
4.65625, 1.9798517172646652
4.657, 1.9798517172646652
4.658, 1.9798334344453783
4.659, 1.9798151762992617
4.66, 1.9797969427930184
4.6610000000000005, 1.9797787338933963
4.662, 1.979760549567188
4.663, 1.979742389781231
4.664, 1.9797242545024074
4.665, 1.9797061436976444
4.666, 1.9796880573339135
4.667, 1.9796699953782309
4.668, 1.979651957797657
4.6690000000000005, 1.9796339445592972
4.67, 1.9796159556303008
4.671, 1.9795979909778618
4.671875, 1.9795800505692183
4.672, 1.9795800505692183
4.673, 1.9795621343716525
4.674, 1.9795442423524912
4.675, 1.9795263744791045
4.676, 1.9795085307189073
4.6770000000000005, 1.9794907110393583
4.678, 1.9794729154079598
4.679, 1.979455143792258
4.68, 1.9794373961598435
4.681, 1.9794196724783497
4.682, 1.9794019727154546
4.683, 1.979384296838879
4.684, 1.979366644816388
4.6850000000000005, 1.9793490166157897
4.686, 1.9793314122049357
4.687, 1.9793138315517211
4.6875, 1.9792962746240845
4.688, 1.9792962746240845
4.689, 1.9792787413900075
4.69, 1.979261231817515
4.691, 1.9792437458746748
4.692, 1.9792262835295984
4.6930000000000005, 1.9792088447504397
4.694, 1.9791914295053958
4.695, 1.979174037762707
4.696, 1.9791566694906562
4.697, 1.9791393246575688
4.698, 1.9791220032318138
4.699, 1.9791047051818018
4.7, 1.979087430475987
4.7010000000000005, 1.9790701790828655
4.702, 1.9790529509709764
4.703, 1.979035746108901
4.703125, 1.9790185644652627
4.704, 1.9790185644652627
4.705, 1.979001406008728
4.706, 1.978984270708005
4.707, 1.9789671585318445
4.708, 1.978950069449039
4.7090000000000005, 1.9789330034284236
4.71, 1.978915960438875
4.711, 1.9788989404493125
4.712, 1.9788819434286966
4.713, 1.9788649693460303
4.714, 1.9788480181703583
4.715, 1.9788310898707666
4.716, 1.9788141844163836
4.7170000000000005, 1.978797301776379
4.718, 1.9787804419199642
4.71875, 1.9787636048163921
4.719, 1.9787636048163921
4.72, 1.9787467904349572
4.721, 1.9787299987449951
4.722, 1.9787132297158831
4.723, 1.97869648331704
4.724, 1.9786797595179253
4.7250000000000005, 1.97866305828804
4.726, 1.9786463795969267
4.727, 1.9786297234141683
4.728, 1.9786130897093894
4.729, 1.9785964784522554
4.73, 1.9785798896124724
4.731, 1.9785633231597877
4.732, 1.978546779063989
4.7330000000000005, 1.9785302572949053
4.734, 1.9785137578224061
4.734375, 1.9784972806164016
4.735, 1.9784972806164016
4.736, 1.9784808256468425
4.737, 1.9784643928837198
4.738, 1.9784479822970658
4.739, 1.9784315938569523
4.74, 1.9784152275334923
4.741, 1.9783988832968384
4.742, 1.9783825611171841
4.743, 1.9783662609647628
4.744, 1.978349982809848
4.745, 1.9783337266227539
4.746, 1.9783174923738338
4.747, 1.9783012800334818
4.748, 1.9782850895721316
4.749, 1.9782689209602569
4.75, 1.9782527741683713
4.751, 1.978236649167028
4.752, 1.97822054592682
4.753, 1.9782044644183803
4.7540000000000004, 1.9781884046123812
4.755, 1.9781723664795345
4.756, 1.9781563499905919
4.757, 1.9781403551163441
4.758, 1.9781243818276217
4.759, 1.9781084300952942
4.76, 1.978092499890271
4.761, 1.9780765911834999
4.7620000000000005, 1.9780607039459688
4.763, 1.9780448381487044
4.764, 1.9780289937627722
4.765, 1.9780131707592772
4.765625, 1.977997369109363
4.766, 1.977997369109363
4.767, 1.9779815887842127
4.768, 1.9779658297550478
4.769, 1.9779500919931288
4.7700000000000005, 1.9779343754697547
4.771, 1.9779186801562638
4.772, 1.9779030060240328
4.773, 1.9778873530444767
4.774, 1.9778717211890495
4.775, 1.9778561104292438
4.776, 1.9778405207365903
4.777, 1.9778249520826583
4.7780000000000005, 1.9778094044390555
4.779, 1.977793877777428
4.78, 1.9777783720694597
4.781, 1.9777628872868733
4.78125, 1.9777474234014296
4.782, 1.9777474234014296
4.783, 1.977731980384927
4.784, 1.9777165582092024
4.785, 1.9777011568461307
4.7860000000000005, 1.9776857762676245
4.787, 1.9776704164456345
4.788, 1.977655077352149
4.789, 1.9776397589591947
4.79, 1.9776244612388356
4.791, 1.9776091841631733
4.792, 1.9775939277043473
4.793, 1.9775786918345344
4.7940000000000005, 1.9775634765259493
4.795, 1.977548281750844
4.796, 1.9775331074815083
4.796875, 1.9775179536902687
4.797, 1.9775179536902687
4.798, 1.9775028203494898
4.799, 1.9774877074315729
4.8, 1.9774726149089568
4.801, 1.9774575427541174
4.8020000000000005, 1.977442490939568
4.803, 1.9774274594378587
4.804, 1.977412448221577
4.805, 1.9773974572633468
4.806, 1.9773824865358296
4.807, 1.9773675360117233
4.808, 1.977352605663763
4.809, 1.9773376954647202
4.8100000000000005, 1.9773228053874035
4.811, 1.9773079354046579
4.812, 1.9772930854893656
4.8125, 1.9772782556144446
4.813, 1.9772782556144446
4.814, 1.9772634457528502
4.815, 1.9772486558775737
4.816, 1.9772338859616432
4.817, 1.9772191359781228
4.8180000000000005, 1.9772044059001133
4.819, 1.9771896957007515
4.82, 1.9771750053532107
4.821, 1.9771603348307003
4.822, 1.9771456841064659
4.823, 1.9771310531537891
4.824, 1.977116441945988
4.825, 1.9771018504564157
4.8260000000000005, 1.9770872786584623
4.827, 1.9770727265255534
4.828, 1.9770581940311505
4.828125, 1.9770436811487508
4.829, 1.9770436811487508
4.83, 1.9770291878518875
4.831, 1.9770147141141292
4.832, 1.9770002599090806
4.833, 1.9769858252103814
4.8340000000000005, 1.9769714099917075
4.835, 1.97695701422677
4.836, 1.9769426378893156
4.837, 1.9769282809531261
4.838, 1.9769139433920193
4.839, 1.9768996251798479
4.84, 1.9768853262905
4.841, 1.9768710466978987
4.8420000000000005, 1.9768567863760027
4.843, 1.9768425452988057
4.84375, 1.9768283234403363
4.844, 1.9768283234403363
4.845, 1.9768141207746583
4.846, 1.9767999372758707
4.847, 1.976785772918107
4.848, 1.976771627675536
4.849, 1.9767575015223613
4.8500000000000005, 1.976743394432821
4.851, 1.9767293063811884
4.852, 1.9767152373417711
4.853, 1.9767011872889118
4.854, 1.9766871561969874
4.855, 1.97667314404041
4.856, 1.9766591507936253
4.857, 1.9766451764311144
4.8580000000000005, 1.9766312209273922
4.859, 1.9766172842570084
4.859375, 1.9766033663945468
4.86, 1.9766033663945468
4.861, 1.9765894673146258
4.862, 1.9765755869918975
4.863, 1.9765617254010488
4.864, 1.9765478825168004
4.865, 1.9765340583139073
4.866, 1.9765202527671584
4.867, 1.9765064658513767
4.868, 1.9764926975414194
4.869, 1.9764789478121774
4.87, 1.9764652166385752
4.871, 1.9764515039955717
4.872, 1.9764378098581594
4.873, 1.9764241342013644
4.874, 1.9764104770002466
4.875, 1.9763968382298995
4.876, 1.9763832178654503
4.877, 1.9763696158820598
4.878, 1.976356032254922
4.8790000000000004, 1.9763424669592649
4.88, 1.9763289199703495
4.881, 1.9763153912634706
4.882, 1.9763018808139559
4.883, 1.9762883885971665
4.884, 1.9762749145884968
4.885, 1.9762614587633747
4.886, 1.9762480210972608
4.8870000000000005, 1.9762346015656491
4.888, 1.9762212001440667
4.889, 1.9762078168080732
4.89, 1.9761944515332621
4.890625, 1.976181104295259
4.891, 1.976181104295259
4.892, 1.9761677750697229
4.893, 1.9761544638323454
4.894, 1.976141170558851
4.8950000000000005, 1.976127895224997
4.896, 1.9761146378065733
4.897, 1.9761013982794025
4.898, 1.9760881766193399
4.899, 1.9760749728022733
4.9, 1.976061786804123
4.901, 1.9760486186008421
4.902, 1.9760354681684158
4.9030000000000005, 1.9760223354828619
4.904, 1.9760092205202304
4.905, 1.975996123256604
4.906, 1.975983043668097
4.90625, 1.9759699817308567
4.907, 1.9759699817308567
4.908, 1.975956937421062
4.909, 1.9759439107149241
4.91, 1.9759309015886868
4.9110000000000005, 1.975917910018625
4.912, 1.9759049359810466
4.913, 1.9758919794522907
4.914, 1.975879040408729
4.915, 1.9758661188267643
4.916, 1.975853214682832
4.917, 1.9758403279533991
4.918, 1.975827458614964
4.9190000000000005, 1.9758146066440572
4.92, 1.9758017720172407
4.921, 1.975788954711108
4.921875, 1.9757761547022847
4.922, 1.9757761547022847
4.923, 1.9757633719674275
4.924, 1.9757506064832244
4.925, 1.9757378582263956
4.926, 1.975725127173692
4.9270000000000005, 1.9757124133018962
4.928, 1.975699716587822
4.929, 1.9756870370083148
4.93, 1.975674374540251
4.931, 1.975661729160538
4.932, 1.975649100846115
4.933, 1.9756364895739515
4.934, 1.9756238953210488
4.9350000000000005, 1.9756113180644388
4.936, 1.9755987577811844
4.937, 1.9755862144483798
4.9375, 1.9755736880431498
4.938, 1.9755736880431498
4.939, 1.9755611785426503
4.94, 1.9755486859240678
4.941, 1.9755362101646197
4.942, 1.975523751241554
4.9430000000000005, 1.9755113091321497
4.944, 1.9754988838137162
4.945, 1.9754864752635937
4.946, 1.9754740834591529
4.947, 1.975461708377795
4.948, 1.9754493499969519
4.949, 1.9754370082940855
4.95, 1.9754246832466886
4.9510000000000005, 1.9754123748322843
4.952, 1.9754000830284255
4.953, 1.9753878078126963
4.953125, 1.9753755491627103
4.954, 1.9753755491627103
4.955, 1.9753633070561114
4.956, 1.9753510814705741
4.957, 1.9753388723838028
4.958, 1.9753266797735318
4.9590000000000005, 1.9753145036175257
4.96, 1.975302343893579
4.961, 1.9752902005795163
4.962, 1.9752780736531916
4.963, 1.9752659630924896
4.964, 1.9752538688753243
4.965, 1.9752417909796396
4.966, 1.9752297293834093
4.9670000000000005, 1.975217684064637
4.968, 1.9752056550013555
4.96875, 1.9751936421716276
4.969, 1.9751936421716276
4.97, 1.9751816455535458
4.971, 1.975169665125232
4.972, 1.9751577008648376
4.973, 1.9751457527505436
4.974, 1.9751338207605604
4.9750000000000005, 1.9751219048731279
4.976, 1.9751100050665151
4.977, 1.9750981213190204
4.978, 1.9750862536089717
4.979, 1.9750744019147262
4.98, 1.97506256621467
4.981, 1.9750507464872182
4.982, 1.9750389427108157
4.9830000000000005, 1.975027154863936
4.984, 1.9750153829250818
4.984375, 1.9750036268727849
4.985, 1.9750036268727849
4.986, 1.9749918866856058
4.987, 1.974980162342134
4.988, 1.974968453820988
4.989, 1.9749567611008152
4.99, 1.9749450841602918
4.9910000000000005, 1.9749334229781228
4.992, 1.9749217775330417
4.993, 1.974910147803811
4.994, 1.9748985337692215
4.995, 1.9748869354080931
4.996, 1.974875352699274
4.997, 1.9748637856216407
4.998, 1.9748522341540986
4.999, 1.9748406982755815
5.0, 1.9748291779650518
